SpocWebEntityId	Version	ChangeTime	IsDeleted	IsPrivate	Rectasc	Declin	Dist	vRect	vDecl	minBright	maxBright	ZodiacPos	Class	Name	NextStarId	ZodiacId	ClassId	ChangeUserId
27508	7	2011-06-25	0	0	-119.975	-38.4	600	-0.002	-0.03	34	34	7	B2	Lupi-7	27372	28132	28188	20
27509	7	2011-06-25	0	0	-76.95	-62.19	1200	0	-0.02	34	43	11	B2	Pavonis-11	27580	28143	28188	20
27510	7	2011-06-25	0	0	-48.75	-66.2	120	-0.006	0.02	34	34	2	A6	Pavonis-2	27581	28143	28189	20
27511	7	2013-03-13	0	0	-205.725	42.91	120	-0.015	-0.04	35	35	11	A2	Tania Borealis		28165	28189	20
27512	7	2013-03-13	0	0	-190.375	33.09	150	-0.002	0.02	35	35	13	K3	Alula Borealis		28165	28192	20
27513	7	2011-06-25	0	0	-134.525	40.39	150	-0.004	-0.03	35	35	2	G8	Nekkar	27397	28091	28191	20
27514	7	2011-06-25	0	0	-131.125	33.31	150	0.007	-0.12	35	35	4	G8	Bootis-4	27513	28091	28191	20
27515	7	2011-06-25	0	0	-109.275	38.92	80	0.003	-0.08	35	35	7	G8	Herculis-7	27354	28122	28191	20
27516	7	2011-06-25	0	0	-17.575	66.2	120	-0.011	-0.12	35	35	9	K1	Cephei-9	27486	28102	28192	20
27517	7	2011-06-25	0	0	17.15	-10.18	120	0.015	-0.13	35	35	7	K2	Ceti-7	27547	28103	28192	20
27518	6	2011-06-25	0	0	26.025	-15.94	12	-0.119	0.86	35	35	19	G8	Ceti-19		28103	28191	20
27519	7	2011-06-25	0	0	40.825	3.24	80	-0.01	-0.15	35	35	3	A3	Ceti-3	27801	28103	28189	20
27520	7	2011-06-25	0	0	55.8	-9.76	30	-0.007	0.75	35	35	4	K0	Eridani-4	27399	28118	28192	20
27521	7	2011-06-25	0	0	67.15	19.18	150	0.008	-0.04	35	35	5	K0	Tauri-5	27640	28160	28192	20
27522	7	2011-06-25	0	0	86.125	-22.45	26	-0.021	-0.37	35	35	3	F7	Leporis-3	27642	28130	28190	20
27523	7	2011-06-25	0	0	105.425	-27.93	1500	-0.001	0	35	35	18	K8	Canis Majoris-18	27251	28096	28192	20
27524	7	2011-06-25	0	0	110.025	21.98	60	-0.002	-0.01	35	35	4	F2	Wasat	27599	28120	28190	20
27525	7	2011-06-25	0	0	124.125	9.19	200	-0.003	-0.05	35	35	2	K4	Altarf	27694	28094	28192	20
27526	6	2011-06-25	0	0	145.275	9.89	70	-0.01	-0.04	35	35	15	A5	Leonis-15		28128	28189	20
27527	7	2011-06-25	0	0	151.825	16.76	2000	0	-0.01	35	35	7	A0	Leonis-7	27250	28128	28189	20
27528	7	2011-06-25	0	0	173.25	-31.86	150	-0.016	-0.04	35	35	14	G7	Hydrae-14	27426	28124	28191	20
27529	7	2013-03-13	0	0	202.425	-23.28	500	-0.004	0.01	35	109	49	M7	Hydrae-49		28124	28193	20
27530	7	2011-06-25	0	0	-122.6	-3.43	150	-0.006	-0.03	35	35	12	A0	Serpentis-12	27605	28158	28189	20
27531	7	2011-06-25	0	0	-95.6	-15.4	80	-0.003	-0.06	35	35	14	F0	Serpentis-14	27530	28158	28190	20
27532	7	2011-06-25	0	0	-75.575	-21.11	150	0.002	-0.01	35	35	137	K1	Sagittarii-137	27657	28154	28192	20
27533	7	2011-06-25	0	0	-61.875	1.01	1500	0.001	-0.01	35	44	7	F8	Aquilae-7	27498	28087	28190	20
27534	6	2011-06-25	0	0	-60.3	19.49	200	0.005	0.03	35	35	3	K9	Sagittae-3		28153	28192	20
27535	7	2011-06-25	0	0	-27.45	6.2	80	0.018	0.03	35	35	8	A2	Baham	27499	28144	28189	20
27536	7	2011-06-25	0	0	-17.5	24.6	120	0.011	-0.04	35	35	12	G9	Sadalbari	27305	28144	28191	20
27537	7	2011-06-25	0	0	83.4	-62.49	8000	0	0.01	35	41	2	F8	Doradus-2	27472	28115	28190	20
27538	6	2011-06-25	0	0	119.2	-52.98	600	-0.004	0.02	35	35	22	B2	Carinae-22		28099	28188	20
27539	6	2011-06-25	0	0	149.225	-54.57	2500	-0.001	0	35	35	21	B5	Velorum-21		28167	28188	20
27540	6	2011-06-25	0	0	-145.15	-46.06	400	-0.001	0	35	35	9	B3	Lupi-9		28132	28188	20
27541	7	2011-06-25	0	0	-83.25	-45.97	500	-0.001	-0.05	35	35	1	B3	Telescopii-1	27829	28161	28188	20
27542	6	2011-06-25	0	0	-17.85	-51.32	80	0.012	-0.06	35	35	5	A2	Gruis-5		28121	28189	20
27543	6	2011-06-25	0	0	24.5	48.63	200	0.007	-0.11	36	36	151	K3	Andromedae-151		28083	28192	20
27544	7	2013-03-13	0	0	-224.1	47.16	120	-0.003	-0.06	36	36	10	A0	Ursae Majoris-10		28165	28189	20
27545	7	2011-06-25	0	0	-84.725	72.73	25	0.117	-0.36	36	36	22	F7	Draconis-22	27633	28116	28190	20
27546	7	2011-06-25	0	0	4.85	-8.82	200	-0.001	-0.03	36	36	9	K2	Ceti-9	27517	28103	28192	20
27547	7	2011-06-25	0	0	21	-8.18	120	-0.006	-0.22	36	36	8	K0	Ceti-8	27592	28103	28192	20
27548	7	2011-06-25	0	0	22.875	15.35	150	0.002	0	36	36	7	G8	Piscium-7	27880	28148	28191	20
27549	6	2011-06-25	0	0	42.5	27.26	120	0.005	-0.11	36	36	141	B8	Arietis-141		28089	28188	20
27550	7	2011-06-25	0	0	49.875	-21.76	250	0.003	0.04	36	36	116	M3	Eridani-116	27802	28118	28193	20
27551	7	2011-06-25	0	0	64.475	-33.8	120	0.005	-0.01	36	36	141	B8	Eridani-141	27749	28118	28188	20
27552	6	2011-06-25	0	0	51.2	9.03	150	-0.005	-0.07	36	36	15	G7	Tauri-15		28160	28191	20
27553	6	2011-06-25	0	0	57.3	24.05	400	0.001	-0.04	36	36	127	B8	Atlas		28160	28188	20
27554	7	2011-06-25	0	0	64.95	15.63	150	0.008	-0.02	36	36	3	K0	Tauri-3	27487	28160	28192	20
27230	7	2011-06-25	0	0	101.275	-16.72	8.7	-0.038	-1.21	-15	-15	1	A1	Sirius	27403	28096	28189	20
27231	7	2011-06-25	0	0	96	-52.7	150	0.003	0.02	-7	-7	1	F0	Canopus	27271	28099	28190	20
27232	7	2011-06-25	0	0	-140.1	-60.83	4.4	-0.494	0.69	-3	-3	1	G4	Toliman	27240	28101	28191	20
27233	7	2011-06-25	0	0	-80.775	38.78	25	0.017	0.28	0	0	1	A0	Wega	27797	28134	28189	20
27234	7	2011-06-25	0	0	-146.075	19.18	35	-0.077	-2	0	0	1	K2	Arcturus	27314	28091	28192	20
27235	7	2011-06-25	0	0	79.175	46	40	0.008	-0.42	1	1	1	G5	Capella	27376	28090	28191	20
27236	7	2011-06-25	0	0	78.625	-8.2	1000	0	0	1	1	2	B8	Rigel	27288	28142	28188	20
27237	7	2011-06-25	0	0	88.8	7.41	400	0.002	0.01	4	13	1	M2	Beteigeuze	27254	28142	28193	20
27238	7	2011-06-25	0	0	114.825	5.22	11	-0.047	-1.03	4	4	1	F5	Prokyon	27380	28097	28190	20
27239	7	2011-06-25	0	0	24.425	-57.24	90	0.013	-0.03	5	5	1	B4	Achernar	27615	28118	28188	20
27240	7	2011-06-25	0	0	-149.05	-60.37	300	-0.003	-0.02	6	6	2	B1	Agena	27308	28101	28188	20
27241	7	2011-06-25	0	0	-62.3	8.87	16	0.036	0.39	8	8	1	A7	Atair	27608	28087	28189	20
27242	7	2011-06-25	0	0	-173.35	-63.1	400	-0.004	-0.02	8	8	1	B1	Acrux	27256	28112	28188	20
27243	7	2011-06-25	0	0	68.975	16.51	60	0.005	-0.19	9	9	1	K5	Aldebaran	27488	28160	28192	20
27244	7	2011-06-25	0	0	-112.65	-26.43	500	0	-0.02	9	18	1	M0	Antares	27382	28155	28193	20
27245	7	2011-06-25	0	0	-158.7	-11.16	300	-0.003	-0.03	10	10	1	B1	Spica	27925	28168	28188	20
27246	7	2011-06-25	0	0	116.325	28.03	35	-0.047	-0.05	11	11	2	K0	Pollux	27524	28120	28192	20
27247	7	2011-06-25	0	0	-15.6	-29.62	22	0.026	-0.16	12	12	1	A3	Fomalhaut	27857	28149	28189	20
27248	7	2011-06-25	0	0	-49.65	45.28	2000	0	0.01	13	13	1	A2	Deneb	27297	28113	28189	20
27249	7	2011-06-25	0	0	-168.075	-59.69	400	-0.005	-0.02	13	13	2	B0	Mimosa	27370	28112	28188	20
27250	7	2011-06-25	0	0	152.1	11.97	80	-0.017	0	14	14	1	B7	Regulus	27463	28128	28188	20
27251	6	2011-06-25	0	0	104.65	-28.97	500	0	0	15	15	5	B2	Adhara		28096	28188	20
27252	7	2011-06-25	0	0	122.375	-47.34	1500	-0.001	0	15	17	3	O7	Suhail Al Muhlif	27299	28167	28187	20
27253	7	2011-06-25	0	0	14.175	60.72	800	0.003	0	16	30	3	B0	Cassiopeiae-3	27338	28100	28188	20
27254	7	2011-06-25	0	0	81.275	6.35	400	-0.001	-0.01	16	16	3	B2	Bellatrix	27298	28142	28188	20
27255	7	2011-06-25	0	0	113.65	31.89	50	-0.013	-0.1	16	16	1	A1	Castor	27246	28120	28189	20
27256	6	2011-06-25	0	0	-172.2	-57.11	120	0.003	-0.27	16	16	3	M3	Gacrux		28112	28193	20
27257	7	2011-06-25	0	0	-96.6	-37.1	300	0	-0.03	16	16	11	B2	Shaula	27320	28155	28188	20
27258	7	2011-06-25	0	0	81.575	28.61	120	0.002	-0.17	17	17	2	B7	Elnath	27521	28160	28188	20
27259	7	2011-06-25	0	0	84.05	-1.2	1500	0	0	17	17	5	B0	Alnilam	27265	28142	28188	20
27260	7	2011-06-25	0	0	138.3	-69.72	80	-0.029	0.1	17	17	2	A1	Miaplacidus	27414	28099	28189	20
27261	7	2011-06-25	0	0	-27.95	-46.96	70	0.013	-0.15	17	17	1	B6	Alnair	27784	28121	28188	20
27262	7	2011-06-25	0	0	51.075	49.86	600	0.003	-0.02	18	18	1	F5	Mirphak	27373	28145	28190	20
27263	8	2011-10-12	0	0	-194.075	61.75	80	-0.017	-0.07	18	18	1	K0	Dubhe	27458	28165	28192	20
27264	7	2011-06-25	0	0	-166.5	55.96	80	0.013	-0.01	18	18	5	A0	Alioth	27458	28165	28189	20
27265	7	2011-06-25	0	0	85.2	-1.94	1500	0	0	18	18	6	O9	Alnitak	27237	28142	28187	20
27266	7	2011-06-25	0	0	107.1	-26.39	3000	-0.001	0	18	18	4	F8	Wezen	27523	28096	28190	20
27267	7	2011-06-25	0	0	-83.95	-34.38	100	-0.003	-0.13	18	18	5	B9	Kaus Australis	27433	28154	28188	20
27268	7	2011-06-25	0	0	89.875	44.95	70	-0.005	0	19	19	2	A2	Menkalinan	27235	28090	28189	20
27269	7	2011-06-25	0	0	-153.125	49.31	120	-0.013	-0.01	19	19	7	B3	Alkaid	27287	28165	28188	20
27270	7	2011-06-25	0	0	99.425	16.4	90	0.003	-0.04	19	19	3	A0	Alhena	27804	28120	28189	20
27271	7	2011-06-25	0	0	125.625	-59.51	150	-0.003	0.01	19	19	5	K0	Avoir	27307	28099	28192	20
27272	7	2011-06-25	0	0	-95.675	-43	300	0.001	0	19	19	8	F0	Sargas	27479	28155	28190	20
27273	7	2011-06-25	0	0	-107.825	-69.03	100	0.005	-0.03	19	19	1	K2	Trianguli Australis-1	27392	28163	28192	20
27274	7	2011-06-25	0	0	-53.6	-56.74	250	0.002	-0.08	19	19	1	B3	Peacock	27510	28143	28188	20
27275	7	2011-06-25	0	0	37.95	89.26	800	0.232	-0.01	20	20	1	F8	Polaris	27907	28166	28190	20
27276	7	2011-06-25	0	0	2.1	29.09	90	0.01	-0.16	20	20	1	B9	Sirrah	27455	28083	28188	20
27277	7	2011-06-25	0	0	10.9	-17.99	70	0.016	0.04	20	20	2	K0	Diphda	27546	28103	28192	20
27278	7	2011-06-25	0	0	34.825	-2.98	100	-0.001	-0.23	20	101	15	M7	Mira	27592	28103	28193	20
27279	7	2011-06-25	0	0	31.8	23.46	80	0.014	-0.14	20	20	1	K2	Hamal	27327	28089	28192	20
27280	7	2011-06-25	0	0	95.675	-17.96	733	-0.001	0	20	20	2	B1	Mirzam	27230	28096	28188	20
27281	7	2011-06-25	0	0	141.9	-8.66	90	-0.001	0.03	20	20	1	K3	Alphard	27698	28124	28192	20
27282	7	2011-06-25	0	0	-76.175	-26.3	200	0.001	-0.05	20	20	18	B3	Nunki	27448	28154	28188	20
27283	7	2011-06-25	0	0	131.175	-54.71	70	0.003	-0.08	20	20	4	A1	Velorum-4	27252	28167	28189	20
27284	7	2011-06-25	0	0	-137.325	74.16	100	-0.009	0.01	21	21	2	K4	Kochab	27419	28166	28192	20
27285	7	2011-06-25	0	0	17.425	35.62	90	0.015	-0.11	21	21	2	M0	Mirach	27294	28083	28193	20
27286	7	2011-06-25	0	0	47.05	40.96	90	0	0	21	34	2	B8	Algol	27262	28145	28188	20
27287	7	2011-06-25	0	0	-159.025	54.93	70	0.014	-0.02	21	21	6	A2	Mizar	27264	28165	28189	20
27288	7	2011-06-25	0	0	86.95	-9.67	1500	0	-0.01	21	21	10	B0	Saiph	27265	28142	28188	20
27289	7	2011-06-25	0	0	155	19.84	150	0.022	-0.15	21	21	3	K0	Algieba	27527	28128	28192	20
27290	7	2011-06-25	0	0	177.275	14.57	40	-0.034	-0.12	21	21	2	A3	Denebola	27330	28128	28189	20
27291	7	2011-06-25	0	0	-96.275	12.56	60	0.008	-0.23	21	21	1	A5	Rasalhague	27447	28141	28189	20
27292	7	2011-06-25	0	0	-148.325	-36.37	50	-0.043	-0.52	21	21	8	K0	Centauri-8	27319	28101	28192	20
27293	7	2011-06-25	0	0	-19.325	-46.88	150	0.014	-0.01	21	21	2	M4	Gruis-2	27542	28121	28193	20
27294	6	2011-06-25	0	0	30.975	42.33	300	0.004	-0.05	22	22	3	K1	Alamak		28083	28192	20
27295	7	2011-06-25	0	0	10.125	56.54	120	0.006	-0.03	22	22	1	K0	Schedir	27253	28100	28192	20
27296	7	2011-06-25	0	0	-90.85	51.49	100	-0.001	-0.02	22	22	3	K5	Ettanin	27355	28116	28192	20
27297	7	2011-06-25	0	0	-54.45	40.26	800	0	0	22	22	3	F8	Sadr	27681	28113	28190	20
27298	7	2011-06-25	0	0	83	-0.3	1500	0	0	22	22	4	O9	Mintaka	27236	28142	28187	20
27299	7	2011-06-25	0	0	137	-43.43	500	-0.002	0.01	22	22	11	K5	Suhail Al Wazn	27325	28167	28192	20
27300	7	2011-06-25	0	0	-169.625	-48.96	150	-0.019	-0.01	22	22	3	A0	Centauri-3	27308	28101	28189	20
27301	7	2011-06-25	0	0	2.3	59.15	45	0.068	-0.18	23	23	2	F2	Chaph	27295	28100	28190	20
27302	7	2011-06-25	0	0	-126.325	26.71	80	0.009	-0.09	23	23	1	A0	Gemma	27649	28109	28189	20
27303	6	2011-06-25	0	0	-119.925	-22.62	800	-0.001	-0.03	23	23	4	B0	Scorpii-4		28155	28188	20
27304	7	2011-06-25	0	0	-107.45	-34.29	70	-0.049	-0.25	23	23	5	K2	Scorpii-5	27364	28155	28192	20
27305	7	2011-06-25	0	0	-14.05	28.08	200	0.014	0.14	23	27	2	M2	Scheat	27385	28144	28193	20
27306	7	2011-06-25	0	0	120.9	-40	2000	-0.003	0.01	23	23	6	O5	Puppis-6	27474	28150	28187	20
27307	7	2011-06-25	0	0	139.275	-59.28	800	-0.002	0	23	23	9	A9	Carinae-9	27503	28099	28189	20
27308	7	2011-06-25	0	0	-155.025	-53.47	600	-0.002	-0.02	23	23	5	B1	Centauri-5	27337	28101	28188	20
27309	7	2011-06-25	0	0	-139.525	-47.39	600	-0.002	-0.02	23	23	1	B1	Lupi-1	27351	28132	28188	20
27310	8	2011-10-12	0	0	-194.55	56.38	60	0.01	0.03	24	24	2	A1	Merak	27263	28165	28189	20
27311	8	2011-10-12	0	0	-181.55	53.69	70	0.011	0.01	24	24	3	A0	Phad	27310	28165	28189	20
27312	7	2011-06-25	0	0	-40.35	62.59	45	0.022	0.05	24	24	1	A7	Alderamin	27441	28102	28189	20
27313	7	2011-06-25	0	0	111.025	-29.3	2500	-0.001	0	24	24	7	B5	Aludra	27558	28096	28188	20
27314	7	2011-06-25	0	0	-138.75	27.07	150	-0.004	0.02	24	24	5	G9	Izar	27514	28091	28191	20
27315	7	2011-06-25	0	0	-102.4	-15.72	60	0.003	0.09	24	24	7	A2	Sabik	27467	28141	28189	20
27316	7	2011-06-25	0	0	-33.95	9.88	500	0.002	0	24	24	5	K2	Enif	27535	28144	28192	20
27317	7	2011-06-25	0	0	6.575	-42.31	80	0.019	-0.39	24	24	1	K0	Ankaa	27471	28146	28192	20
27318	7	2011-06-25	0	0	-177.925	-50.71	500	-0.003	-0.01	24	24	4	B2	Centauri-4	27300	28101	28188	20
27319	7	2011-06-25	0	0	-141.125	-42.16	300	-0.003	-0.04	24	24	7	B2	Centauri-7	27431	28101	28188	20
27320	7	2011-06-25	0	0	-94.375	-39.03	400	-0.001	-0.03	24	24	10	B2	Scorpii-10	27417	28155	28188	20
27321	7	2011-06-25	0	0	-48.45	33.97	70	0.028	0.33	25	25	5	K0	Cygni-5	27297	28113	28192	20
27322	7	2011-06-25	0	0	45.575	4.09	150	-0.001	-0.07	25	25	1	M2	Menkar	27519	28103	28193	20
27323	7	2011-06-25	0	0	-118.65	-19.8	800	0	-0.02	25	25	2	B1	Acrab	27382	28155	28188	20
27324	7	2011-06-25	0	0	-13.8	15.21	100	0.004	-0.04	25	25	1	B9	Markab	27305	28144	28188	20
27325	7	2011-06-25	0	0	140.525	-55.01	400	-0.001	0.01	25	25	10	B2	Velorum-10	27283	28167	28188	20
27326	7	2011-06-25	0	0	89.925	37.21	150	0.004	-0.08	26	26	8	A0	Aurigae-8	27268	28090	28189	20
27327	7	2011-06-25	0	0	28.65	20.81	45	0.007	-0.11	26	26	2	A5	Sheratan	27683	28089	28189	20
27328	7	2011-06-25	0	0	84.9	-34.07	150	0	-0.03	26	26	1	B7	Phact	27424	28106	28188	20
27329	7	2011-06-25	0	0	83.175	-17.82	1000	0	0	26	26	1	F0	Arneb	27359	28130	28190	20
27330	7	2011-06-25	0	0	168.525	20.52	60	0.01	-0.14	26	26	4	A4	Zosma	27289	28128	28189	20
27331	7	2011-06-25	0	0	-176.05	-17.54	200	-0.011	0.02	26	26	3	B8	Gienah	27406	28110	28188	20
27332	7	2011-06-25	0	0	-137.275	-16.04	70	-0.007	-0.07	26	26	1	A4	Zubenelgenubi	27333	28131	28189	20
27333	7	2011-06-25	0	0	-130.75	-9.38	120	-0.007	-0.02	26	26	2	B8	Zubeneschemali	27704	28131	28188	20
27334	7	2011-06-25	0	0	-110.7	-10.57	600	0.001	0.02	26	26	6	O9	Ophiuchi-6	27315	28141	28187	20
27335	7	2011-06-25	0	0	-74.35	-29.88	100	-0.001	0	26	26	6	A2	Sagittarii-6	27469	28154	28189	20
27336	6	2011-06-25	0	0	108.375	-44.64	150	0.01	0.33	26	62	48	M5	Puppis-48		28150	28193	20
27337	7	2011-06-25	0	0	-151.125	-47.29	400	-0.006	-0.04	26	26	6	B2	Centauri-6	27389	28101	28188	20
27338	7	2011-06-25	0	0	21.45	60.24	80	0.04	-0.04	27	27	4	A5	Ruchbah	27482	28100	28189	20
27339	6	2011-06-25	0	0	74.25	33.17	250	0	-0.02	27	27	9	K3	Aurigae-9		28090	28192	20
27340	7	2011-06-25	0	0	-114	61.51	80	-0.003	0.06	27	27	7	G8	Draconis-7	27438	28116	28191	20
27341	7	2011-06-25	0	0	121.875	-24.3	300	-0.006	0.05	27	27	17	F6	Puppis-17	27848	28150	28190	20
27342	7	2011-06-25	0	0	-171.4	-23.4	300	0	-0.06	27	27	2	G5	Corvi-2	27407	28110	28191	20
27343	7	2011-06-25	0	0	-151.325	18.4	30	-0.004	-0.36	27	27	7	G0	Muphrid	27234	28091	28191	20
27344	7	2011-06-25	0	0	-123.925	6.43	80	0.009	0.04	27	27	1	K2	Unukalhai	27650	28158	28192	20
27345	7	2011-06-25	0	0	-116.425	-3.69	150	-0.003	-0.15	27	27	4	M1	Yed Prior	27446	28141	28193	20
27346	7	2011-06-25	0	0	-84.75	-29.83	80	0.003	-0.03	27	27	4	K2	Kaus Media	27267	28154	28192	20
27347	7	2011-06-25	0	0	-63.425	10.61	300	0.001	0	27	27	3	K3	Tarazed	27241	28087	28192	20
27348	7	2011-06-25	0	0	109.275	-37.1	120	-0.001	0	27	27	16	K4	Puppis-16	27306	28150	28192	20
27349	6	2011-06-25	0	0	161.7	-49.42	100	0.007	-0.05	27	27	12	G5	Velorum-12		28167	28191	20
27350	7	2011-06-25	0	0	-170.7	-69.14	300	-0.007	-0.02	27	27	1	B3	Muscae-1	27430	28138	28188	20
27351	7	2011-06-25	0	0	-135.375	-43.13	500	-0.003	-0.04	27	27	2	B2	Lupi-2	27453	28132	28188	20
27352	7	2011-06-25	0	0	-97.3	-37.3	600	0	-0.03	27	27	20	B2	Lesath	27257	28155	28188	20
27353	7	2011-06-25	0	0	-166	38.32	120	-0.02	0.05	28	28	1	A1	Cor Caroli	27867	28095	28189	20
27354	7	2011-06-25	0	0	-109.675	31.6	32	-0.037	0.39	28	28	6	G0	Herculis-6	27365	28122	28191	20
27355	7	2011-06-25	0	0	-97.4	52.3	250	-0.002	0.01	28	28	2	G2	Rastaben	28019	28116	28191	20
27356	7	2011-06-25	0	0	3.3	15.18	500	0	-0.01	28	28	3	B2	Algenib	27324	28144	28188	20
27357	6	2011-06-25	0	0	76.95	-5.09	90	-0.007	-0.08	28	28	2	A3	Cursa		28118	28189	20
27358	6	2011-06-25	0	0	56.875	24.11	400	0.001	-0.04	28	28	7	B7	Alcyone		28160	28188	20
27359	7	2011-06-25	0	0	82.05	-20.76	300	-0.001	-0.09	28	28	2	G4	Nihal	27522	28130	28191	20
27360	6	2011-06-25	0	0	83.85	-5.91	1500	0	0	28	28	9	O9	Orionis-9		28142	28187	20
27361	7	2011-06-25	0	0	-169.575	-1.45	35	-0.038	0.01	28	28	3	F0	Porrima	27702	28168	28190	20
27362	7	2011-06-25	0	0	-164.45	10.96	100	-0.019	0.02	28	28	5	G9	Vindemiatrix	27494	28168	28191	20
27363	7	2011-06-25	0	0	-94.125	4.57	120	-0.003	0.16	28	28	2	K2	Cebalrai	27291	28141	28192	20
27364	7	2011-06-25	0	0	-111.025	-28.22	800	-0.001	-0.02	28	28	19	B0	Scorpii-19	27244	28155	28188	20
27365	7	2011-06-25	0	0	-112.45	21.49	100	-0.007	-0.02	28	28	2	G8	Ruticulus	27653	28122	28191	20
27366	7	2011-06-25	0	0	-83	-25.42	100	-0.003	-0.18	28	28	11	K2	Kaus Borealis	27346	28154	28192	20
27367	7	2011-06-25	0	0	-33.25	-16.13	40	0.018	-0.29	28	31	4	A9	Deneb Algedi	27609	28098	28189	20
27368	6	2011-06-25	0	0	6.45	-77.25	20	0.688	0.33	28	28	2	G1	Hydri-2		28125	28191	20
27369	6	2011-06-25	0	0	160.75	-64.39	800	-0.003	0.01	28	28	8	B0	Carinae-8		28099	28188	20
27370	6	2011-06-25	0	0	-176.225	-58.75	400	-0.005	-0.01	28	28	4	B2	Crucis-4		28112	28188	20
27371	7	2011-06-25	0	0	-159.85	-36.71	50	-0.028	-0.09	28	28	9	A2	Centauri-9	27505	28101	28189	20
27372	7	2011-06-25	0	0	-126.225	-41.17	400	-0.001	-0.03	28	28	3	B2	Lupi-3	27507	28132	28188	20
27373	7	2011-06-25	0	0	46.2	53.51	150	0	0	29	29	3	G8	Persei-3	27622	28145	28191	20
27374	7	2011-06-25	0	0	58.525	31.88	1200	0.001	-0.01	29	29	6	B1	Persei-6	27740	28145	28188	20
27375	7	2011-06-25	0	0	59.475	40.01	600	0.002	-0.02	29	29	5	B0	Persei-5	27395	28145	28188	20
27376	7	2011-06-25	0	0	75.5	43.82	4000	0	0	29	38	5	F0	Aurigae-5	27339	28090	28190	20
27377	6	2011-06-25	0	0	-67.325	27.96	400	0	0	29	29	2	G8	Albireo		28113	28191	20
27378	7	2011-06-25	0	0	-63.75	45.13	150	0.005	0.05	29	29	4	A0	Cygni-4	27297	28113	28189	20
27379	7	2011-06-25	0	0	95.75	22.51	150	0.004	-0.11	29	29	12	M3	Tejat Posterior	27404	28120	28193	20
27380	6	2011-06-25	0	0	111.775	8.29	150	-0.004	-0.04	29	29	2	B8	Gomeisa		28097	28188	20
27381	7	2011-06-25	0	0	-120.275	-26.11	600	-0.001	-0.03	29	29	16	B1	Scorpii-16	27382	28155	28188	20
27382	7	2011-06-25	0	0	-114.7	-25.59	600	-0.001	-0.02	29	29	18	B1	Scorpii-18	27303	28155	28188	20
27383	7	2011-06-25	0	0	-101.35	14.39	600	-0.001	0.03	29	37	1	M2	Rasalgethi	27427	28122	28193	20
27384	7	2011-06-25	0	0	-72.55	-21.02	300	0	-0.03	29	29	16	F2	Sagittarii-16	27657	28154	28190	20
27385	7	2011-06-25	0	0	-19.25	30.22	200	0.001	-0.02	29	29	7	G2	Matar	27766	28144	28191	20
27386	7	2011-06-25	0	0	-37.1	-5.57	1000	0.001	-0.01	29	29	2	G0	Sadalsuud	27412	28086	28191	20
27387	7	2011-06-25	0	0	29.7	-61.57	45	0.038	0.03	29	29	1	F0	Hydri-1	27450	28125	28190	20
27388	7	2011-06-25	0	0	102.475	-50.61	80	0.003	-0.07	29	29	19	K0	Puppis-19	27451	28150	28192	20
27389	7	2011-06-25	0	0	-152.6	-42.47	300	-0.002	-0.03	29	35	12	B3	Centauri-12	27505	28101	28188	20
27390	7	2011-06-25	0	0	-98.675	-55.53	800	0	-0.02	29	29	2	K3	Arae-2	27478	28088	28192	20
27391	7	2011-06-25	0	0	-130.275	-68.68	100	-0.011	-0.03	29	29	3	A0	Trianguli Australis-3	27273	28163	28189	20
27392	7	2011-06-25	0	0	-121.225	-63.43	35	-0.028	-0.4	29	29	2	F2	Trianguli Australis-2	27832	28163	28190	20
27393	7	2011-06-25	0	0	-25.375	-60.26	120	-0.008	-0.04	29	29	1	K3	Tucanae-1	27785	28164	28192	20
27394	7	2011-06-25	0	0	32.375	34.99	120	0.012	-0.04	30	30	2	A5	Trianguli-2	27737	28162	28189	20
27395	7	2011-06-25	0	0	55.725	47.79	300	0.003	-0.03	30	30	4	B5	Persei-4	27262	28145	28188	20
27396	7	2013-03-13	0	0	-192.575	44.5	120	-0.006	-0.03	30	30	23	K1	Ursae Majoris-23		28165	28192	20
27397	7	2011-06-25	0	0	-141.975	38.31	100	-0.01	0.15	30	30	3	A7	Ceginus	27565	28091	28189	20
27398	6	2011-06-25	0	0	-55.55	38.03	5000	-0.001	0	30	60	134	B2	P Cygni		28113	28188	20
27399	7	2011-06-25	0	0	59.5	-13.51	150	0.004	-0.11	30	30	3	M0	Zaurak	27748	28118	28193	20
27400	7	2011-06-25	0	0	84.4	21.14	500	0	-0.02	30	30	6	B3	Tauri-6	27243	28160	28188	20
27401	7	2011-06-25	0	0	78.225	-16.21	200	0.002	-0.03	30	34	12	B9	Leporis-12	27329	28130	28188	20
27402	7	2011-06-25	0	0	95.075	-30.06	300	0	0	30	30	6	B3	Phurud	27280	28096	28188	20
27403	7	2011-06-25	0	0	105.75	-23.83	2500	-0.001	0	30	30	124	B3	Canis Majoris-124	27266	28096	28188	20
27404	7	2011-06-25	0	0	100.975	25.13	600	0	-0.01	30	30	5	G8	Mebsuta	27255	28120	28191	20
27405	7	2011-06-25	0	0	146.475	23.77	300	-0.003	-0.02	30	30	5	G0	Leonis-5	27699	28128	28191	20
27406	7	2011-06-25	0	0	-177.475	-22.62	100	-0.005	0.01	30	30	5	K2	Corvi-5	27342	28110	28192	20
27407	7	2011-06-25	0	0	-172.525	-16.52	120	-0.015	-0.14	30	30	4	B9	Algorab	27331	28110	28188	20
27408	8	2011-10-12	0	0	199.725	-23.17	100	0.005	-0.05	30	30	3	G6	Hydrae-3	27892	28124	28191	20
27409	7	2011-06-25	0	0	-88.55	-30.42	120	-0.004	-0.19	30	30	3	K0	Alnasl	27346	28154	28192	20
27410	7	2011-06-25	0	0	-73.65	13.86	100	-0.001	-0.1	30	30	6	B9	Aquilae-6	27241	28087	28188	20
27411	7	2011-06-25	0	0	-54.75	-14.78	100	0.003	0	30	30	2	F7	Capricorni-2	27816	28098	28190	20
27412	7	2011-06-25	0	0	-28.55	-0.32	1000	0.001	0	30	30	1	G2	Sadalmelik	27662	28086	28191	20
27413	7	2011-06-25	0	0	44.575	-40.3	120	-0.004	0.02	30	30	8	A3	Acamar	27902	28118	28189	20
27414	7	2011-06-25	0	0	146.775	-65.07	1000	-0.001	0.01	30	30	20	A8	Carinae-20	27307	28099	28189	20
27415	7	2011-06-25	0	0	-97.05	-49.88	200	-0.002	-0.07	30	30	1	B3	Arae-1	27390	28088	28188	20
27416	7	2011-06-25	0	0	-107.025	-38.05	600	-0.001	-0.03	30	33	29	B1	Scorpii-29	27304	28155	28188	20
27417	7	2011-06-25	0	0	-93.1	-40.13	5000	0	-0.01	30	30	9	F2	Scorpii-9	27272	28155	28190	20
27418	7	2011-06-25	0	0	-31.525	-37.37	250	0.009	-0.02	30	30	3	B8	Gruis-3	27784	28121	28188	20
27419	7	2011-06-25	0	0	-129.825	71.83	200	-0.005	0.02	31	31	3	A3	Pherkad	28030	28166	28189	20
27420	7	2013-03-13	0	0	-225.2	48.04	50	-0.044	-0.24	31	31	9	A7	Talitha		28165	28189	20
27421	7	2011-06-25	0	0	140.275	34.39	150	-0.018	0.01	31	31	1	K9	Lyncis-1	27626	28133	28192	20
27422	7	2013-03-13	0	0	-204.425	41.5	150	-0.007	0.03	31	31	12	M0	Tania Australis		28165	28193	20
27423	7	2011-06-25	0	0	-71.85	67.66	120	0.016	0.09	31	31	4	G9	Altais	27632	28116	28191	20
27424	7	2011-06-25	0	0	87.75	-35.77	150	0.004	0.4	31	31	2	K2	Columbae-2	27917	28106	28192	20
27425	7	2011-06-25	0	0	133.85	5.95	150	-0.007	0.01	31	31	6	K0	Hydrae-6	27492	28124	28192	20
27426	7	2011-06-25	0	0	162.4	-16.19	120	0.006	0.2	31	31	13	K2	Hydrae-13	27647	28124	28192	20
27427	7	2011-06-25	0	0	-101.25	24.84	90	-0.002	-0.16	31	31	4	A3	Herculis-4	27676	28122	28189	20
27428	6	2011-06-25	0	0	142.8	-57.03	150	-0.004	0	31	31	47	K5	Velorum-47		28167	28192	20
27429	7	2013-03-13	0	0	-186.05	-63.02	200	-0.006	-0.01	31	31	11	B9	Centauri-11		28101	28188	20
27430	7	2011-06-25	0	0	-168.425	-68.11	300	-0.006	-0.02	31	31	2	B2	Muscae-2	27575	28138	28188	20
27431	6	2011-06-25	0	0	-135.2	-42.1	500	-0.002	-0.03	31	31	10	B2	Centauri-10		28101	28188	20
27432	7	2011-06-25	0	0	-105.35	-55.99	120	-0.002	-0.04	31	31	6	K4	Arae-6	27390	28088	28192	20
27433	6	2011-06-25	0	0	-85.6	-36.76	120	-0.011	-0.17	31	31	7	M3	Sagittarii-7		28154	28193	20
27434	7	2011-06-25	0	0	-50.6	-47.29	120	0.005	0.07	31	31	1	K0	Indi-1	27621	28126	28192	20
27435	6	2011-06-25	0	0	76.625	41.23	200	0.003	-0.07	32	32	7	B3	Aurigae-7		28090	28188	20
27436	7	2013-03-13	0	0	-216.775	51.68	50	-0.103	-0.54	32	32	8	F6	Ursae Majoris-8		28165	28190	20
27437	7	2011-06-25	0	0	-101.25	36.81	400	-0.002	0	32	32	16	K3	Herculis-16	27676	28122	28192	20
27438	7	2011-06-25	0	0	-102.8	65.71	300	-0.004	0.02	32	32	6	B6	Draconis-6	27545	28116	28188	20
27439	7	2011-06-25	0	0	-75.275	32.69	200	0	0	32	32	3	B9	Sulaphat	27872	28134	28188	20
27440	7	2011-06-25	0	0	-41.775	30.23	200	0	-0.05	32	32	6	G8	Cygni-6	27321	28113	28191	20
27441	7	2011-06-25	0	0	-37.825	70.56	800	0.002	0.01	32	32	2	B1	Alfirk	27442	28102	28188	20
27442	7	2011-06-25	0	0	-5.175	77.63	50	-0.02	0.16	32	32	3	K1	Errai	27516	28102	28192	20
27443	7	2011-06-25	0	0	76.375	-22.37	150	0.001	-0.07	32	32	5	K5	Leporis-5	27359	28130	28192	20
27444	6	2011-06-25	0	0	72.45	6.96	25	0.031	0.02	32	32	101	F6	Orionis-101		28142	28190	20
27445	7	2011-06-25	0	0	117.325	-24.86	800	-0.001	0	32	32	14	G3	Aspidiske	27644	28150	28191	20
27446	7	2011-06-25	0	0	-115.425	-4.69	100	0.005	0.04	32	32	5	G9	Yed Posterior	27334	28141	28191	20
27447	7	2011-06-25	0	0	-105.575	9.38	120	-0.02	-0.01	32	32	10	K2	Ophiuchi-10	27651	28141	28192	20
27448	7	2011-06-25	0	0	-78.575	-26.99	250	0.004	0	32	32	21	B8	Sagittarii-21	27366	28154	28188	20
27449	7	2011-06-25	0	0	-57.175	-0.821	200	0.002	0.01	32	32	8	B9	Aquilae-8	27533	28087	28188	20
27450	7	2011-06-25	0	0	56.8	-74.24	150	0.013	0.12	32	32	3	M1	Hydri-3	27368	28125	28193	20
27451	7	2011-06-25	0	0	99.45	-43.2	250	-0.001	-0.01	32	32	13	B8	Puppis-13	27348	28150	28188	20
27452	7	2011-06-25	0	0	-139.375	-64.98	50	-0.032	-0.27	32	32	1	F0	Circini-1	27955	28105	28190	20
27453	7	2011-06-25	0	0	-129.65	-40.65	600	-0.001	-0.03	32	32	4	B2	Lupi-4	27372	28132	28188	20
27454	6	2011-06-25	0	0	-92.525	-37.04	150	0.005	0.03	32	32	45	K2	Scorpii-45		28155	28192	20
27455	7	2011-06-25	0	0	9.825	30.86	150	0.011	-0.08	33	33	4	K3	Andromedae-4	27285	28083	28192	20
27456	7	2011-06-25	0	0	46.3	38.84	200	0.011	-0.1	33	40	17	M4	Persei-17	27286	28145	28193	20
27457	7	2013-03-13	0	0	-232.425	60.72	200	-0.018	-0.11	33	38	15	G5	Ursae Majoris-15		28165	28191	20
27458	7	2011-06-25	0	0	-176.15	57.03	60	0.013	0	33	33	4	A3	Megrez	27311	28165	28189	20
27459	7	2011-06-25	0	0	-128.775	58.97	150	-0.002	0.01	33	33	9	K2	Edasich	27744	28116	28192	20
27460	7	2011-06-25	0	0	-77.475	33.36	300	0	0	33	43	2	B7	Sheliak	27439	28134	28188	20
27461	6	2011-06-25	0	0	-62.35	32.91	100	-0.002	-0.04	33	142	22	K0	Cygni-22		28113	28192	20
27462	7	2011-06-25	0	0	93.725	22.51	200	-0.004	-0.01	33	39	7	M3	Tejat Prior	27379	28120	28193	20
27463	7	2011-06-25	0	0	168.55	15.43	80	-0.004	-0.08	33	33	8	A2	Coxa	27290	28128	28189	20
27464	8	2011-10-12	0	0	211.6	-26.68	100	0.003	-0.14	33	33	16	K2	Hydrae-16	27408	28124	28192	20
27465	7	2011-06-25	0	0	-133.975	-25.28	120	-0.005	-0.05	33	33	18	M4	Librae-18	27332	28131	28193	20
27466	7	2011-06-25	0	0	-90.25	-9.77	150	-0.001	-0.12	33	33	13	K0	Ophiuchi-13	27652	28141	28192	20
27467	7	2011-06-25	0	0	-99.5	-25	600	0	-0.02	33	33	8	B2	Ophiuchi-8	27926	28141	28188	20
27468	7	2011-06-25	0	0	-84.675	-2.9	60	-0.037	-0.7	33	33	7	K1	Serpentis-7	27531	28158	28192	20
27469	7	2011-06-25	0	0	-73.275	-27.67	120	-0.004	-0.25	33	33	19	K1	Sagittarii-19	27282	28154	28192	20
27470	7	2011-06-25	0	0	-16.35	-15.82	100	-0.003	-0.02	33	33	4	A3	Aquarii-4	27613	28086	28189	20
27471	7	2011-06-25	0	0	16.525	-46.72	150	-0.003	0.01	33	33	2	G8	Phoenicis-2	27771	28146	28191	20
27472	7	2011-06-25	0	0	68.75	-55.05	200	0.006	0	33	33	1	A0	Doradus-1	27903	28115	28189	20
27473	7	2011-06-25	0	0	102.05	-61.94	60	-0.01	0.27	33	33	1	A6	Pictoris-1	27954	28147	28189	20
27474	7	2011-06-25	0	0	112.3	-43.3	150	-0.005	0.19	33	33	18	K5	Puppis-18	27388	28150	28192	20
27475	6	2011-06-25	0	0	146.3	-62.51	1500	-0.002	0	33	42	38	G5	Carinae-38		28099	28191	20
27476	7	2011-06-25	0	0	153.425	-70.04	250	-0.006	0	33	33	24	B8	Carinae-24	27260	28099	28188	20
27477	7	2011-06-25	0	0	158	-61.69	300	-0.003	0.01	33	33	39	B3	Carinae-39	27476	28099	28188	20
27478	7	2011-06-25	0	0	-98.65	-56.38	1500	0	-0.01	33	33	3	B1	Arae-3	27577	28088	28188	20
27479	7	2011-06-25	0	0	-101.975	-43.24	60	0.002	-0.28	33	33	7	F2	Scorpii-7	27579	28155	28190	20
27480	7	2011-06-25	0	0	28.275	29.58	60	0.001	-0.23	34	34	1	F6	Elmuthalleth	27394	28162	28190	20
27481	6	2011-06-25	0	0	12.275	57.82	19	0.137	-0.52	34	34	7	G0	Cassiopeiae-7		28100	28191	20
27482	6	2011-06-25	0	0	28.6	63.67	500	0.005	-0.02	34	34	5	B3	Cassiopeiae-5		28100	28188	20
27483	7	2011-06-25	0	0	-48.675	61.84	45	0.013	0.82	34	34	7	K0	Cephei-7	27312	28102	28192	20
27484	6	2011-06-25	0	0	-34.125	58.78	3000	0	0	34	51	12	M2	Cephei-12		28102	28193	20
27485	7	2011-06-25	0	0	-27.275	58.2	800	0.002	0.01	34	34	6	K1	Cephei-6	27312	28102	28192	20
27486	7	2011-06-25	0	0	-22.7	58.42	1200	0.001	0.01	34	42	4	F6	Cephei-4	27485	28102	28190	20
27487	7	2011-06-25	0	0	60.175	12.49	300	0	-0.01	34	39	11	B3	Tauri-11	27594	28160	28188	20
27488	7	2011-06-25	0	0	67.175	15.87	150	0.007	-0.02	34	34	178	A7	Tauri-178	27554	28160	28189	20
27489	6	2011-06-25	0	0	81.125	-2.4	800	0	0	34	34	7	B1	Orionis-7		28142	28188	20
27490	6	2011-06-25	0	0	83.775	9.93	1500	0	-0.01	34	34	11	O8	Orionis-11		28142	28187	20
27491	6	2011-06-25	0	0	101.325	12.9	80	-0.008	-0.19	34	34	14	F5	Geminorum-14		28120	28190	20
27492	7	2011-06-25	0	0	131.7	6.42	150	-0.013	-0.05	34	34	5	G0	Hydrae-5	27851	28124	28191	20
27493	7	2011-06-25	0	0	154.175	23.42	120	0.001	-0.01	34	34	6	F0	Aldhafera	27289	28128	28190	20
27494	7	2011-06-25	0	0	-166.1	3.4	150	-0.031	-0.06	34	34	4	M3	Virginis-4	27361	28168	28193	20
27495	7	2011-06-25	0	0	-156.325	-0.6	80	-0.019	0.04	34	34	6	A3	Virginis-6	27925	28168	28189	20
27496	7	2011-06-25	0	0	-93.375	27.72	25	-0.023	-0.75	34	34	12	G5	Herculis-12	27427	28122	28191	20
27497	7	2011-06-25	0	0	-73.45	-4.88	100	-0.001	-0.09	34	34	11	B8	Aquilae-11	27498	28087	28188	20
27498	7	2011-06-25	0	0	-68.625	3.11	50	0.017	0.08	34	34	4	F1	Aquilae-4	27410	28087	28190	20
27499	7	2011-06-25	0	0	-19.625	10.83	150	0.005	-0.01	34	34	6	B8	Homam	27858	28144	28188	20
27500	7	2011-06-25	0	0	22.1	-43.32	300	-0.001	-0.2	34	34	3	K6	Phoenicis-3	27317	28146	28192	20
27501	7	2011-06-25	0	0	63.6	-62.47	400	0.007	0.05	34	34	1	G7	Reticuli-1	27715	28152	28191	20
27502	6	2011-06-25	0	0	137.75	-58.97	600	-0.003	0.01	34	34	33	B2	Carinae-33		28099	28188	20
27503	7	2011-06-25	0	0	154.275	-61.33	600	-0.004	0	34	34	40	K4	Carinae-40	27477	28099	28192	20
27504	6	2011-06-25	0	0	-174.65	-60.4	150	-0.023	0.08	34	40	5	K3	Crucis-5		28112	28192	20
27505	7	2011-06-25	0	0	-152.625	-41.69	600	-0.002	-0.03	34	34	13	B2	Centauri-13	27292	28101	28188	20
27506	6	2011-06-25	0	0	-131.925	-52.1	120	-0.012	-0.07	34	34	6	G8	Lupi-6		28132	28191	20
27507	7	2011-06-25	0	0	-129.325	-44.69	400	-0.002	-0.01	34	34	5	B3	Lupi-5	27619	28132	28188	20
27555	6	2011-06-25	0	0	79.4	-6.84	400	-0.001	-0.01	36	36	19	B5	Orionis-19		28142	28188	20
27556	7	2011-06-25	0	0	86.75	-14.82	80	-0.002	0	36	36	6	A3	Leporis-6	27329	28130	28189	20
27557	6	2011-06-25	0	0	84.675	-2.6	1500	0	0	36	36	18	B0	Orionis-18		28142	28188	20
27558	7	2011-06-25	0	0	108.7	-26.77	500	-0.001	0	36	42	24	B3	Canis Majoris-24	27266	28096	28188	20
27559	6	2011-06-25	0	0	103.2	33.96	150	0	-0.05	36	36	8	A3	Geminorum-8		28120	28189	20
27560	6	2011-06-25	0	0	109.525	16.54	80	-0.003	-0.04	36	36	11	A3	Geminorum-11		28120	28189	20
27561	6	2011-06-25	0	0	116.1	24.4	150	-0.002	-0.06	36	36	10	G8	Geminorum-10		28120	28191	20
27562	7	2011-06-25	0	0	152.65	-12.35	150	-0.014	-0.09	36	36	11	K0	Hydrae-11	27807	28124	28192	20
27563	7	2011-06-25	0	0	169.825	-14.78	90	-0.009	0.2	36	36	4	G8	Crateris-4	27808	28111	28191	20
27564	8	2011-10-12	0	0	-182.325	1.76	32	0.049	-0.27	36	36	2	F8	Zawijava	27757	28168	28190	20
27565	7	2011-06-25	0	0	-142.05	30.37	200	-0.008	0.12	36	36	17	K3	Bootis-17	27234	28091	28192	20
27566	6	2011-06-25	0	0	-125.75	-28.13	120	-0.001	0	36	36	20	K4	Librae-20		28131	28192	20
27567	7	2011-06-25	0	0	-50.625	14.6	80	0.008	-0.03	36	36	2	F5	Delphini-2	27659	28114	28190	20
27568	7	2011-06-25	0	0	-55.475	-12.55	120	0.004	0.01	36	36	106	G9	Algiedi	27411	28098	28191	20
27569	7	2011-06-25	0	0	34.125	-51.51	120	0.01	-0.02	36	36	21	B8	Eridani-21	27820	28118	28188	20
27570	7	2011-06-25	0	0	107.2	-70.5	150	0.006	0.1	36	36	3	G7	Volantis-3	27718	28169	28191	20
27571	6	2011-06-25	0	0	116.325	-37.97	1500	-0.001	0	36	36	35	K2	Puppis-35		28150	28192	20
27572	6	2011-06-25	0	0	130.075	-52.92	500	-0.002	0.02	36	36	15	B3	Velorum-15		28167	28188	20
27573	6	2011-06-25	0	0	142.675	-40.47	60	-0.017	0.07	36	36	23	F2	Velorum-23		28167	28190	20
27574	8	2011-10-12	0	0	-183.6	-66.73	50	-0.016	0.03	36	36	11	A6	Muscae-11	27790	28138	28189	20
27575	7	2011-06-25	0	0	-164.425	-71.55	200	0.056	-0.03	36	36	4	K2	Muscae-4	27726	28138	28192	20
27576	7	2011-06-25	0	0	-129.55	-36.26	200	-0.007	-0.09	36	36	32	K5	Lupi-32	27453	28132	28192	20
27577	6	2011-06-25	0	0	-97.225	-60.68	100	-0.007	-0.09	36	36	4	B8	Arae-4		28088	28188	20
27578	6	2011-06-25	0	0	-106.925	-38.02	600	-0.001	-0.03	36	36	30	B2	Scorpii-30		28155	28188	20
27579	7	2011-06-25	0	0	-106.35	-42.36	150	-0.011	-0.24	36	36	28	K5	Scorpii-28	27416	28155	28192	20
27580	7	2011-06-25	0	0	-93.575	-64.72	300	-0.001	-0.05	36	36	7	K2	Pavonis-7	27782	28143	28192	20
27581	7	2011-06-25	0	0	-57.825	-66.18	19	0.199	-1.14	36	36	4	G6	Pavonis-4	27509	28143	28191	20
27582	6	2011-06-25	0	0	9.25	53.9	600	0.002	-0.01	37	37	6	B2	Cassiopeiae-6		28100	28188	20
27583	6	2011-06-25	0	0	75.625	41.08	500	0.001	-0.02	37	40	6	K4	Aurigae-6		28090	28192	20
27584	6	2011-06-25	0	0	89.875	54.28	150	0.009	-0.13	37	37	4	K0	Aurigae-4		28090	28192	20
27585	7	2013-03-13	0	0	-217.125	63.06	80	0.016	0.03	37	37	123	F0	Ursae Majoris-123		28165	28190	20
27586	7	2013-03-13	0	0	-183.475	47.78	120	-0.014	0.02	37	37	22	K1	Ursae Majoris-22		28165	28192	20
27587	7	2011-06-25	0	0	-148.9	64.38	200	-0.009	0.01	37	37	1	A0	Thuban	27459	28116	28189	20
27588	6	2011-06-25	0	0	-43.775	43.93	1000	0	0	37	37	14	K5	Cygni-14		28113	28192	20
27589	6	2011-06-25	0	0	-41.3	38.05	70	0.013	0.44	37	37	19	F1	Cygni-19		28113	28190	20
27590	6	2011-06-25	0	0	-14.525	42.33	300	0.002	0	37	37	15	B6	Andromedae-15		28083	28188	20
27591	6	2011-06-25	0	0	-5.6	46.46	70	0.015	-0.42	37	40	11	G8	Andromedae-11		28083	28191	20
27592	7	2011-06-25	0	0	27.875	-10.34	200	0.002	-0.04	37	37	6	K1	Baten Kaitos	27518	28103	28192	20
27593	7	2011-06-25	0	0	53.225	-9.46	11	-0.066	0.02	37	37	5	K2	Eridani-5	27520	28118	28192	20
27594	7	2011-06-25	0	0	51.8	9.73	150	0.004	-0.03	37	37	14	B9	Tauri-14	27552	28160	28188	20
27595	6	2011-06-25	0	0	56.225	24.11	400	0.001	-0.04	37	37	117	B6	Electra		28160	28188	20
27596	7	2011-06-25	0	0	89.1	-14.17	70	-0.003	0.14	37	37	7	F0	Leporis-7	27556	28130	28190	20
27597	6	2011-06-25	0	0	72.8	5.61	1000	0	0	37	37	103	B2	Orionis-103		28142	28188	20
27598	6	2011-06-25	0	0	73.575	2.44	1000	0	0	37	37	108	B2	Orionis-108		28142	28188	20
27599	7	2011-06-25	0	0	106.025	20.57	1500	-0.001	0	37	42	6	G0	Mekbuda	27270	28120	28191	20
27600	7	2011-06-25	0	0	130.9	-33.19	1200	-0.001	0.01	37	37	1	B2	Pyxidis-1	27756	28151	28188	20
27601	6	2011-06-25	0	0	-138.45	1.89	120	-0.008	-0.03	37	37	209	A0	Virginis-209		28168	28189	20
27602	7	2011-06-25	0	0	-128.05	29.11	120	-0.014	0.08	37	37	2	A9	Nusakan	27302	28109	28189	20
27603	6	2011-06-25	0	0	-125.325	-29.78	400	-0.001	-0.03	37	37	19	B3	Librae-19		28131	28188	20
27604	7	2011-06-25	0	0	-123.45	15.42	120	0.005	-0.05	37	37	2	A2	Serpentis-2	27812	28158	28189	20
27605	7	2011-06-25	0	0	-122.3	4.48	100	0.008	0.06	37	37	5	A2	Serpentis-5	27344	28158	28189	20
27606	6	2011-06-25	0	0	-88.175	9.56	80	-0.004	0.08	37	37	172	A4	Ophiuchi-172		28141	28189	20
27607	7	2011-06-25	0	0	-90.55	29.25	150	0.006	-0.02	37	37	14	G9	Herculis-14	27496	28122	28191	20
27608	7	2011-06-25	0	0	-61.175	6.41	40	0.003	-0.48	37	37	2	G8	Alschain	27449	28087	28191	20
27609	7	2011-06-25	0	0	-38.325	-22.41	1500	0	0.03	37	37	6	G4	Capricorni-6	27815	28098	28191	20
27610	7	2011-06-25	0	0	-34.975	-16.66	100	0.013	-0.02	37	37	3	F0	Capricorni-3	27367	28098	28190	20
27611	7	2011-06-25	0	0	-10.7	3.28	120	0.051	0.02	37	37	3	G9	Piscium-3	27951	28148	28191	20
27612	7	2011-06-25	0	0	-22.8	-0.02	100	0.014	0.05	37	37	6	F3	Aquarii-6	27768	28086	28190	20
27613	6	2011-06-25	0	0	-12.65	-21.17	150	0.004	0.04	37	37	188	K0	Aquarii-188		28086	28192	20
27614	6	2011-06-25	0	0	7.9	-62.96	150	0.014	-0.05	37	37	2	A1	Tucanae-2		28164	28189	20
27615	7	2011-06-25	0	0	29	-51.61	50	0.073	0.3	37	37	22	G6	Eridani-22	27569	28118	28191	20
27616	6	2011-06-25	0	0	118.05	-40.58	250	-0.001	0	37	37	33	K0	Puppis-33		28150	28192	20
27617	6	2011-06-25	0	0	163.375	-58.86	70	0.009	0.03	37	37	42	K0	Carinae-42		28099	28192	20
27618	6	2011-06-25	0	0	-166.35	-57.18	600	-0.004	-0.01	37	37	12	B3	Crucis-12		28112	28188	20
27619	7	2011-06-25	0	0	-132.025	-48.74	200	-0.01	-0.05	37	37	10	B9	Lupi-10	27506	28132	28188	20
27620	7	2011-06-25	0	0	-88.35	-50.09	2000	-0.001	-0.02	37	37	8	B2	Arae-8	27415	28088	28188	20
27621	7	2011-06-25	0	0	-46.3	-58.45	400	0.003	-0.02	37	37	2	K1	Indi-2	27934	28126	28192	20
27622	6	2011-06-25	0	0	42.675	55.9	800	0.002	-0.01	38	38	7	K7	Persei-7		28145	28192	20
27623	6	2011-06-25	0	0	47.375	44.86	150	0.017	-0.15	38	38	10	K0	Persei-10		28145	28192	20
27624	6	2011-06-25	0	0	56.075	32.29	1000	0.001	-0.01	38	38	15	B1	Atik		28145	28188	20
27625	6	2011-06-25	0	0	56.3	42.58	400	-0.001	0	38	38	13	F5	Persei-13		28145	28190	20
27626	7	2011-06-25	0	0	139.7	36.8	90	-0.002	-0.13	38	38	138	A4	Lyncis-138	27742	28133	28189	20
27627	7	2013-03-13	0	0	-212.25	59.04	80	-0.038	-0.16	38	38	20	F2	Ursae Majoris-20		28165	28190	20
27628	7	2011-06-25	0	0	163.325	34.21	80	0.007	-0.28	38	38	15	K0	Leonis Minoris-15	27836	28129	28192	20
27629	7	2013-03-13	0	0	-190.45	31.53	25	-0.034	-0.59	38	38	14	G0	Alula Australis		28165	28191	20
27630	6	2011-06-25	0	0	-95.125	46.01	500	-0.001	0	38	38	9	B3	Herculis-9		28122	28188	20
27631	8	2011-10-12	0	0	-187.15	69.33	200	-0.007	-0.02	38	38	11	M0	Giauzar	27678	28116	28193	20
27632	7	2011-06-25	0	0	-91.625	56.87	200	0.011	0.08	38	38	14	K2	Grumium	27296	28116	28192	20
27633	7	2011-06-25	0	0	-62.95	70.27	150	0.015	0.04	38	38	5	G7	Draconis-5	27423	28116	28191	20
27634	7	2011-06-25	0	0	-70.725	53.37	150	0.006	0.13	38	38	10	K0	Cygni-10	27635	28113	28192	20
27635	7	2011-06-25	0	0	-67.575	51.73	100	0.002	0.13	38	38	9	A5	Cygni-9	27939	28113	28189	20
27636	6	2011-06-25	0	0	-56.6	46.74	500	0.001	0	38	38	131	K0	Cygni-131		28113	28192	20
27637	7	2011-06-25	0	0	-22.175	50.28	100	0.014	0.02	38	38	1	A2	Lacertae-1	27959	28127	28189	20
27638	7	2011-06-25	0	0	30.5	2.76	150	0.002	0	38	38	1	A1	Piscium-1	27960	28148	28189	20
27639	7	2011-06-25	0	0	68.9	-30.56	200	-0.004	-0.01	38	38	152	G9	Eridani-152	27843	28118	28191	20
27640	7	2011-06-25	0	0	65.725	17.54	150	0.008	-0.03	38	38	161	K0	Tauri-161	27554	28160	28192	20
27641	6	2011-06-25	0	0	67.15	15.96	150	0.007	-0.02	38	38	177	K0	Tauri-177		28160	28192	20
27642	6	2011-06-25	0	0	87.825	-20.88	150	0.016	-0.65	38	38	4	G8	Leporis-4		28130	28191	20
27643	6	2011-06-25	0	0	103.525	-24.18	2000	-0.001	0.01	38	40	116	K3	Canis Majoris-116		28096	28192	20
27644	7	2011-06-25	0	0	114.7	-26.8	400	-0.002	0.02	38	38	10	B6	Puppis-10	27348	28150	28188	20
27645	6	2011-06-25	0	0	111.425	27.8	150	-0.009	-0.09	38	38	9	K0	Geminorum-9		28120	28192	20
27646	7	2011-06-25	0	0	97.2	-7.03	800	-0.002	0	38	38	2	B3	Monocerotis-2	27754	28137	28188	20
27647	7	2011-06-25	0	0	156.525	-16.84	200	-0.009	-0.08	38	38	12	K4	Hydrae-12	27562	28124	28192	20
27648	7	2011-06-25	0	0	-139.725	13.73	300	0.004	-0.02	38	38	6	A2	Bootis-6	27963	28091	28189	20
27649	7	2011-06-25	0	0	-124.325	26.3	200	-0.008	0.04	38	38	3	A0	Coronae Borealis-3	27965	28109	28189	20
27650	7	2011-06-25	0	0	-126.3	10.54	120	-0.005	0.01	38	38	4	F0	Serpentis-4	27604	28158	28190	20
27651	7	2011-06-25	0	0	-112.275	1.98	150	-0.002	-0.08	38	38	11	A2	Marfik	27345	28141	28189	20
27652	7	2011-06-25	0	0	-93.025	2.71	100	-0.002	-0.07	38	38	3	A0	Ophiuchi-3	27363	28141	28189	20
27653	6	2011-06-25	0	0	-114.525	19.15	150	-0.003	0.04	38	38	3	A9	Herculis-3		28122	28189	20
27654	7	2011-06-25	0	0	-88.125	28.76	150	0	0.01	38	38	15	B9	Herculis-15	27607	28122	28188	20
27655	6	2011-06-25	0	0	-84.075	21.77	120	0.014	-0.24	38	38	209	K2	Herculis-209		28122	28192	20
27656	7	2011-06-25	0	0	-86.55	-21.06	4000	0	0	38	38	12	B8	Sagittarii-12	27366	28154	28188	20
27657	7	2011-06-25	0	0	-73.825	-21.74	120	0.006	-0.06	38	38	15	G8	Sagittarii-15	27282	28154	28191	20
27658	7	2011-06-25	0	0	-63.15	18.53	600	0	0.01	38	38	4	M2	Sagittae-4	27534	28153	28193	20
27659	7	2011-06-25	0	0	-50.1	15.91	200	0.004	0	38	38	1	B9	Delphini-1	27709	28114	28188	20
27660	6	2011-06-25	0	0	-28.25	25.35	40	0.022	0.03	38	38	9	F5	Pegasi-9		28144	28190	20
27661	7	2011-06-25	0	0	-48.075	-9.5	120	0.002	-0.03	38	38	5	A1	Aquarii-5	27386	28086	28189	20
27662	7	2011-06-25	0	0	-24.575	-1.39	100	0.009	0.01	38	38	3	A0	Sadachbia	27612	28086	28189	20
27663	7	2011-06-25	0	0	-16.85	-7.58	250	0	0.04	38	38	11	M2	Aquarii-11	27769	28086	28193	20
27664	7	2011-06-25	0	0	126.425	-66.14	150	-0.005	-0.16	38	38	2	K2	Volantis-2	27773	28169	28192	20
27665	6	2011-06-25	0	0	133.75	-60.64	500	-0.003	0.04	38	38	35	B8	Carinae-35		28099	28188	20
27666	6	2011-06-25	0	0	130.15	-46.65	6000	0	0	38	38	34	F2	Velorum-34		28167	28190	20
27667	6	2011-06-25	0	0	136.05	-47.1	200	-0.005	-0.02	38	38	35	K2	Velorum-35		28167	28192	20
27668	6	2011-06-25	0	0	159.325	-48.23	80	-0.016	-0.02	38	38	39	F4	Velorum-39		28167	28190	20
27669	6	2011-06-25	0	0	156.975	-58.74	500	-0.002	-0.01	38	38	41	F1	Carinae-41		28099	28190	20
27670	6	2011-06-25	0	0	-150.425	-42.1	800	-0.002	-0.02	38	38	21	B2	Centauri-21		28101	28188	20
27671	7	2011-06-25	0	0	-107.55	-59.04	200	0.005	-0.03	38	38	7	K5	Arae-7	27432	28088	28192	20
27672	7	2011-06-25	0	0	-138.033	-79.045	200	-0.001	-0.02	38	38	1	K4	Apodis-1	27860	28085	28192	20
27673	7	2011-06-25	0	0	-34.625	-77.39	90	0.018	-0.24	38	38	13	K0	Octantis-13	27862	28140	28192	20
27674	7	2011-06-25	0	0	14.2	38.5	80	0.013	0.04	39	39	12	A5	Andromedae-12	27285	28083	28189	20
27675	7	2011-06-25	0	0	-115.075	46.31	400	-0.002	0.04	39	39	19	B5	Herculis-19	27838	28122	28188	20
27676	7	2011-06-25	0	0	-104.925	30.93	100	-0.004	0.03	39	39	5	A0	Herculis-5	27354	28122	28189	20
27677	7	2011-06-25	0	0	-90.925	37.25	400	0	0.01	39	39	8	K1	Herculis-8	27796	28122	28192	20
27678	7	2011-06-25	0	0	-171.625	69.79	400	-0.012	0.01	39	39	10	B6	Draconis-10	27587	28116	28188	20
27679	6	2011-06-25	0	0	-78.9	39.64	150	0	0.06	39	39	5	A7	Lyrae-5		28134	28189	20
27680	6	2011-06-25	0	0	-76.175	43.95	250	0.002	0.08	39	50	113	M5	Lyrae-113		28134	28193	20
27681	8	2012-08-24	0	0	-60.925	35.08	200	-0.003	-0.03	39	39	7	K0	Eta	27377	28113	28192	20
27682	6	2011-06-25	0	0	-45.7	41.17	150	0.001	-0.01	39	39	13	A0	Cygni-13		28113	28189	20
27683	6	2011-06-25	0	0	28.375	19.29	150	0.006	-0.1	39	39	3	A0	Mesarthim		28089	28189	20
27684	7	2011-06-25	0	0	44.1	-8.9	100	0.005	-0.22	39	39	7	K1	Eridani-7	27593	28118	28192	20
27685	7	2011-06-25	0	0	48.025	-28.99	50	0.025	0.64	39	39	1	F8	Fornacis-1	27943	28119	28190	20
27686	7	2011-06-25	0	0	69.075	-3.35	1000	0	0	39	39	13	B2	Eridani-13	27750	28118	28188	20
27687	6	2011-06-25	0	0	69.55	-14.3	150	-0.005	-0.16	39	39	153	K2	Eridani-153		28118	28192	20
27688	7	2011-06-25	0	0	82.8	-35.47	150	0.002	-0.04	39	39	5	K1	Columbae-5	27328	28106	28192	20
27689	6	2011-06-25	0	0	95.525	-33.44	120	-0.002	-0.06	39	39	4	G4	Columbae-4		28106	28191	20
27690	6	2011-06-25	0	0	56.45	24.37	400	0.002	-0.04	39	39	120	B7	Maia		28160	28188	20
27691	6	2011-06-25	0	0	60.8	5.99	100	0	0	39	39	13	A1	Tauri-13		28160	28189	20
27692	6	2011-06-25	0	0	102.45	-32.51	800	-0.001	0	39	39	10	B2	Canis Majoris-10		28096	28188	20
27693	7	2011-06-25	0	0	115.3	-9.55	200	-0.005	-0.02	39	39	1	K0	Monocerotis-1	27850	28137	28192	20
27694	7	2011-06-25	0	0	131.175	18.15	150	-0.001	-0.23	39	39	4	K0	Asellus Australis	27983	28094	28192	20
27695	6	2011-06-25	0	0	131.675	28.76	300	-0.002	-0.04	39	39	9	G8	Cancri-9		28094	28191	20
27696	6	2011-06-25	0	0	126.425	-3.91	150	-0.005	-0.03	39	39	44	A0	Hydrae-44		28124	28189	20
27697	7	2011-06-25	0	0	138.6	2.31	150	0.009	-0.31	39	39	8	A0	Hydrae-8	27425	28124	28189	20
27698	7	2011-06-25	0	0	144.975	-1.14	200	0.003	-0.07	39	39	9	K3	Hydrae-9	27697	28124	28192	20
27699	7	2011-06-25	0	0	148.2	26.01	200	-0.016	-0.06	39	39	12	K2	Leonis-12	27493	28128	28192	20
27700	6	2011-06-25	0	0	158.2	9.31	2500	-0.001	-0.01	39	39	17	B1	Leonis-17		28128	28188	20
27701	6	2011-06-25	0	0	170.975	10.53	70	0.011	-0.08	39	39	9	F3	Leonis-9		28128	28190	20
27702	7	2011-06-25	0	0	-175.025	-0.67	150	-0.004	-0.02	39	39	7	A2	Zaniah	27564	28168	28189	20
27703	6	2011-06-25	0	0	-139.225	-5.66	100	0.007	-0.32	39	39	12	F3	Virginis-12		28168	28190	20
27704	6	2011-06-25	0	0	-126.125	-14.79	80	0.004	0	39	39	3	G8	Librae-3		28131	28191	20
27705	7	2011-06-25	0	0	-120.875	15.66	40	0.021	-1.29	39	39	3	F6	Serpentis-3	27604	28158	28190	20
27706	7	2011-06-25	0	0	-120.775	-29.21	600	-0.001	-0.02	39	39	17	B2	Scorpii-17	27382	28155	28188	20
27707	6	2011-06-25	0	0	-117	-19.46	600	-0.001	-0.03	39	39	13	B3	Scorpii-13		28155	28188	20
27708	7	2011-06-25	0	0	-81.2	-8.24	150	-0.001	-0.31	39	39	1	K3	Scuti-1	27854	28157	28192	20
27709	7	2011-06-25	0	0	-48.325	16.12	80	-0.002	-0.19	39	39	3	G6	Delphini-3	27930	28114	28191	20
27710	6	2011-06-25	0	0	-69.575	-17.85	90	-0.002	0.02	39	39	144	F0	Sagittarii-144		28154	28190	20
27711	7	2011-06-25	0	0	-41.05	5.25	150	0.004	-0.08	39	39	1	G0	Kitalphar	27950	28117	28191	20
27712	6	2011-06-25	0	0	2.35	-45.75	70	0.012	-0.18	39	39	5	K0	Phoenicis-5		28146	28192	20
27713	6	2011-06-25	0	0	6.55	-43.68	60	0.01	0.04	39	39	10	A5	Phoenicis-10		28146	28189	20
27714	6	2011-06-25	0	0	17.1	-55.25	250	0.002	0.03	39	43	6	B8	Phoenicis-6		28146	28188	20
27715	7	2011-06-25	0	0	56.05	-64.81	60	0.049	0.08	39	39	2	K0	Reticuli-2	27968	28152	28192	20
27716	7	2011-06-25	0	0	63.5	-42.29	200	0.004	-0.21	39	39	1	K1	Horologii-1	27992	28123	28192	20
27717	6	2011-06-25	0	0	86.825	-51.07	80	0.001	0.09	39	39	2	A5	Pictoris-2		28147	28189	20
27718	7	2011-06-25	0	0	115.45	-72.61	200	0.007	0.02	39	39	6	K0	Volantis-6	28014	28169	28192	20
27719	6	2011-06-25	0	0	131.5	-46.04	250	-0.001	0	39	39	33	A0	Velorum-33		28167	28189	20
27720	6	2011-06-25	0	0	153.675	-42.12	100	-0.013	0.04	39	39	40	A2	Velorum-40		28167	28189	20
27721	6	2011-06-25	0	0	143.05	-62.79	500	-0.005	0.02	39	103	49	M6	Carinae-49		28099	28193	20
27722	6	2011-06-25	0	0	156.1	-74.02	60	-0.004	-0.03	39	39	46	F1	Carinae-46		28099	28190	20
27723	6	2011-06-25	0	0	167.15	-58.97	5000	-0.001	0	39	39	43	G2	Carinae-43		28099	28191	20
27724	8	2011-10-12	0	0	-189.75	-54.49	300	-0.003	-0.01	39	39	16	B5	Centauri-16	27318	28101	28188	20
27725	6	2011-06-25	0	0	-173	-50.23	400	-0.003	-0.02	39	39	18	B3	Centauri-18		28101	28188	20
27726	7	2011-06-25	0	0	-171.875	-72.13	200	-0.01	-0.01	39	39	3	B5	Muscae-3	27350	28138	28188	20
27727	6	2011-06-25	0	0	-170.575	-48.54	100	-0.019	-0.01	39	39	19	A2	Centauri-19		28101	28189	20
27728	6	2011-06-25	0	0	-157.25	-39.41	400	-0.001	-0.02	39	39	36	G8	Centauri-36		28101	28191	20
27729	6	2011-06-25	0	0	-150.325	-44.8	600	-0.002	-0.02	39	39	31	B3	Centauri-31		28101	28188	20
27730	6	2011-06-25	0	0	-133.725	-47.05	400	-0.002	-0.02	39	39	16	B5	Lupi-16		28132	28188	20
27731	7	2011-06-25	0	0	-69.35	-44.46	200	0.001	-0.02	39	39	25	B8	Sagittarii-25	27781	28154	28188	20
27732	7	2011-06-25	0	0	-116.15	-63.69	400	0.001	-0.01	39	39	4	G2	Trianguli Australis-4	27392	28163	28191	20
27733	7	2011-06-25	0	0	-111.625	-78.9	70	-0.04	-0.07	39	39	3	G9	Apodis-3	27861	28085	28191	20
27734	6	2011-06-25	0	0	-75.775	-67.23	600	0	0.01	39	47	10	F5	Pavonis-10		28143	28190	20
27735	6	2011-06-25	0	0	-12.4	-45.25	150	0.013	-0.02	39	39	9	K0	Gruis-9		28121	28192	20
27736	6	2011-06-25	0	0	30.85	72.42	120	-0.009	0.03	40	40	150	A1	Cassiopeiae-150		28100	28189	20
27737	7	2011-06-25	0	0	34.325	33.85	150	0.004	-0.05	40	40	3	A0	Trianguli-3	27480	28162	28189	20
27738	6	2011-06-25	0	0	75.85	60.44	1500	0	-0.01	40	40	2	F9	Camelopardalis-2		28093	28190	20
27739	6	2011-06-25	0	0	43.575	52.76	200	0	0	40	40	19	G4	Persei-19		28145	28191	20
27740	7	2011-06-25	0	0	59.75	35.79	1500	0	0	40	40	14	O7	Menkib	27375	28145	28187	20
27741	6	2011-06-25	0	0	62.175	47.71	400	0.002	-0.03	40	40	20	B3	Persei-20		28145	28188	20
27742	6	2011-06-25	0	0	135.15	41.78	50	-0.039	-0.25	40	40	110	F5	#N/A	27866		28190	20
27743	6	2011-06-25	0	0	-158.7	54.99	70	0.013	-0.02	40	40	180	A5	Alcor		28165	28189	20
27744	7	2011-06-25	0	0	-119.525	58.57	60	-0.042	0.34	40	40	8	F8	Draconis-8	27340	28116	28190	20
27745	6	2011-06-25	0	0	-56.125	47.71	1000	0	0.01	40	40	132	K3	Cygni-132		28113	28192	20
27746	6	2011-06-25	0	0	-52.65	30.37	500	0	0	40	40	141	F5	Cygni-141		28113	28190	20
27747	6	2011-06-25	0	0	30	-21.08	250	0.009	-0.02	40	40	20	M1	Ceti-20		28103	28193	20
27748	7	2011-06-25	0	0	62.975	-6.84	200	0	0.08	40	40	138	F2	Eridani-138	27686	28118	28190	20
27749	7	2011-06-25	0	0	66	-34.02	250	0.005	0.05	40	40	143	K5	Eridani-143	27639	28118	28192	20
27750	7	2011-06-25	0	0	71.375	-3.25	400	0.001	-0.01	40	40	12	B5	Eridani-12	27357	28118	28188	20
27751	6	2011-06-25	0	0	83.825	-5.4	1500	0	0	40	40	8	O8	Orionis-8		28142	28187	20
27752	6	2011-06-25	0	0	99.175	-19.26	80	0.004	-0.08	40	40	107	K1	Canis Majoris-107		28096	28192	20
27753	6	2011-06-25	0	0	115.95	-28.96	5000	-0.001	0	40	40	103	A2	Puppis-103		28150	28189	20
27754	6	2011-06-25	0	0	93.725	-6.27	200	-0.001	-0.02	40	40	3	K3	Monocerotis-3		28137	28192	20
27755	7	2011-06-25	0	0	130.025	-35.31	300	0.001	-0.02	40	40	2	G5	Pyxidis-2	27600	28151	28191	20
27756	6	2011-06-25	0	0	132.625	-27.71	200	-0.01	0.08	40	40	3	K4	Pyxidis-3		28151	28192	20
27757	7	2011-10-12	0	0	-183.525	6.53	150	-0.001	-0.19	40	40	13	M1	Virginis-13		28168	28193	20
27758	7	2011-06-25	0	0	-177.9	-24.73	70	0.006	-0.04	40	40	1	F2	Alchiba	27342	28110	28190	20
27759	6	2011-06-25	0	0	-122.25	-33.63	200	-0.001	-0.03	40	40	22	B9	Lupi-22		28132	28188	20
27760	6	2011-06-25	0	0	-89.85	2.93	2500	0	-0.01	40	40	167	B5	Ophiuchi-167		28141	28188	20
27761	6	2011-06-25	0	0	-88.625	2.5	17	0.017	-1.09	40	40	170	K1	Ophiuchi-170		28141	28192	20
27762	6	2011-06-25	0	0	-118.3	-20.67	800	-0.001	-0.02	40	40	109	B1	Scorpii-109		28155	28188	20
27763	6	2011-06-25	0	0	-75.1	15.07	200	-0.004	-0.07	40	40	5	K2	Aquilae-5		28087	28192	20
27764	6	2011-06-25	0	0	-74.575	-5.74	200	-0.001	-0.03	40	40	112	K1	Aquilae-112		28087	28192	20
27765	7	2011-06-25	0	0	-51.7	11.3	500	0.001	-0.02	40	40	5	B6	Delphini-5	27567	28114	28188	20
27766	7	2011-06-25	0	0	-18.375	23.57	100	0.004	-0.01	40	40	11	G8	Pegasi-11	27536	28144	28191	20
27767	7	2011-06-25	0	0	-0.175	6.86	120	0.01	-0.11	40	40	24	F4	Piscium-24	27819	28148	28190	20
27768	7	2011-06-25	0	0	-21.15	-0.12	150	0.006	-0.05	40	40	7	B8	Aquarii-7	27663	28086	28188	20
27769	7	2011-06-25	0	0	-17.6	-13.59	250	-0.001	-0.03	40	40	171	M0	Aquarii-171	27470	28086	28193	20
27770	6	2011-06-25	0	0	-9.25	-20.1	120	-0.009	-0.09	40	40	198	K0	Aquarii-198		28086	28192	20
27771	7	2011-06-25	0	0	22.825	-49.07	100	0.014	0.16	40	40	4	K0	Phoenicis-4	27500	28146	28192	20
27772	6	2011-06-25	0	0	89.775	-42.82	150	0.001	-0.02	40	40	7	K0	Columbae-7		28106	28192	20
27773	7	2011-06-25	0	0	109.2	-67.96	2000	-0.001	0	40	40	4	F8	Volantis-4	27570	28169	28190	20
27774	7	2011-06-25	0	0	135.6	-66.4	80	0.001	-0.1	40	40	1	A4	Volantis-1	27664	28169	28189	20
27775	6	2011-06-25	0	0	131.1	-42.65	150	-0.002	0.02	40	40	36	G5	Velorum-36		28167	28191	20
27776	6	2011-06-25	0	0	137.825	-62.32	800	-0.006	0.01	40	40	37	B3	Carinae-37		28099	28188	20
27777	6	2011-06-25	0	0	-177.075	-52.37	400	-0.004	-0.02	40	40	17	B4	Centauri-17		28101	28188	20
27778	6	2011-06-25	0	0	-175.4	-64	500	-0.007	-0.02	40	40	6	B3	Crucis-6		28112	28188	20
27779	6	2011-06-25	0	0	-139.5	-37.79	500	-0.002	-0.04	40	40	34	B3	Centauri-34		28101	28188	20
27780	6	2011-06-25	0	0	-115.05	-50.16	120	-0.016	-0.06	40	40	26	G8	Normae-26		28139	28191	20
27781	7	2011-06-25	0	0	-69.025	-40.62	120	0.003	-0.12	40	40	1	B8	Sagittarii-1	27335	28154	28188	20
27782	7	2011-06-25	0	0	-79.25	-71.43	200	0.002	-0.16	40	40	6	K1	Pavonis-6	27783	28143	28192	20
27783	7	2011-06-25	0	0	-59.85	-72.91	120	0.019	-0.13	40	40	5	A0	Pavonis-5	27510	28143	28189	20
27784	7	2011-06-25	0	0	-22.675	-43.5	150	0.003	0	40	40	27	G6	Gruis-27	27293	28121	28191	20
27785	7	2011-06-25	0	0	-10.65	-58.24	120	-0.003	0.09	40	40	3	F0	Tucanae-3	27614	28164	28190	20
27786	6	2011-06-25	0	0	87.875	39.15	150	0	0.01	40	40	13	K0	Aurigae-13		28090	28192	20
27787	6	2011-06-25	0	0	-36.5	45.59	200	-0.003	-0.09	40	40	17	G8	Cygni-17		28113	28191	20
27788	6	2011-06-25	0	0	11.825	24.27	150	-0.007	-0.08	40	40	6	K1	Andromedae-6		28083	28192	20
27789	7	2011-06-25	0	0	-75.95	4.2	100	0.003	0.03	40	40	8	A5	Alya	28012	28158	28189	20
27790	7	2011-06-25	0	0	-175.6	-67.96	100	-0.042	-0.03	40	43	5	M5	Muscae-5	27350	28138	28193	20
27791	6	2011-06-25	0	0	24.2	41.41	45	-0.015	-0.38	41	41	20	F8	Andromedae-20		28083	28190	20
27792	6	2011-06-25	0	0	25.925	50.69	1000	0.003	-0.01	41	41	21	B2	Persei-21		28145	28188	20
27793	6	2011-06-25	0	0	47.275	49.61	35	0.13	-0.08	41	41	9	G0	Persei-9		28145	28191	20
27794	6	2011-06-25	0	0	63.725	48.41	1500	0.001	-0.02	41	41	12	G0	Persei-12		28145	28191	20
27795	6	2011-06-25	0	0	-143.7	51.85	45	-0.026	-0.4	41	41	8	F7	Bootis-8		28091	28190	20
27796	7	2011-06-25	0	0	-99.075	37.15	300	-0.003	0.01	41	41	17	A0	Herculis-17	27437	28122	28189	20
27797	7	2011-06-25	0	0	-78.8	37.6	200	0.002	0.02	41	41	6	A4	Lyrae-6	27460	28134	28189	20
27798	6	2011-06-25	0	0	-1.4	57.5	8000	0	0	41	62	17	G2	Cassiopeiae-17		28100	28191	20
27799	6	2011-06-25	0	0	-26	37.75	300	0.001	0.01	41	41	101	K3	Lacertae-101		28127	28192	20
27800	6	2011-06-25	0	0	-4.9	44.33	250	0.008	-0.01	41	41	10	B9	Andromedae-10		28083	28188	20
27801	7	2011-06-25	0	0	39.875	0.33	800	0.001	0	41	41	4	B2	Ceti-4	27278	28103	28188	20
27802	7	2011-06-25	0	0	45.6	-23.62	80	-0.011	-0.05	41	41	111	A5	Eridani-111	27942	28118	28189	20
27803	6	2011-06-25	0	0	105.95	-15.63	1000	0	-0.01	41	41	3	B8	Canis Majoris-3		28096	28188	20
27804	7	2011-06-25	0	0	97.25	20.21	300	0	-0.02	41	41	13	B7	Geminorum-13	27379	28120	28188	20
27805	6	2011-06-25	0	0	113.975	26.9	250	-0.002	-0.11	41	41	20	M0	Geminorum-20		28120	28193	20
27806	6	2011-06-25	0	0	103.55	-12.04	200	-0.01	-0.02	41	41	8	K4	Canis Majoris-8		28096	28192	20
27807	7	2011-06-25	0	0	147.875	-14.85	150	0.001	-0.03	41	41	139	G8	Hydrae-139	27281	28124	28191	20
27808	7	2011-06-25	0	0	164.95	-18.3	120	-0.033	0.12	41	41	1	K0	Alkes	27948	28111	28192	20
27809	7	2011-06-25	0	0	171.225	-17.68	100	-0.007	0	41	41	3	A5	Crateris-3	27563	28111	28189	20
27810	7	2011-06-25	0	0	-152.625	15.8	250	-0.007	0.04	41	41	20	K5	Bootis-20	27343	28091	28192	20
27811	7	2011-06-25	0	0	-126.775	31.36	300	-0.002	-0.01	41	41	8	B6	Coronae Borealis-8	27602	28109	28188	20
27812	6	2011-06-25	0	0	-122.825	18.14	250	-0.004	-0.09	41	41	10	M1	Serpentis-10		28158	28193	20
27813	6	2011-06-25	0	0	-118.9	-11.37	80	-0.004	-0.03	41	41	14	F6	Scorpii-14		28155	28190	20
27814	7	2011-06-25	0	0	-48.475	-25.27	35	-0.004	-0.16	41	41	23	F4	Capricorni-23	27967	28098	28190	20
27815	7	2011-06-25	0	0	-47.05	-26.92	300	0	0	41	41	24	K5	Capricorni-24	27814	28098	28192	20
27816	7	2011-06-25	0	0	-43.525	-17.23	150	0.006	-0.06	41	41	8	A1	Capricorni-8	27898	28098	28189	20
27817	6	2011-06-25	0	0	-39.475	19.8	200	0.007	0.07	41	41	101	K1	Pegasi-101		28144	28192	20
27818	6	2011-06-25	0	0	-33.85	25.65	90	0.003	0.02	41	41	10	F5	Pegasi-10		28144	28190	20
27819	7	2011-06-25	0	0	-5.025	5.63	45	0.025	-0.43	41	41	9	F7	Piscium-9	27901	28148	28190	20
27820	7	2011-06-25	0	0	40.175	-39.86	200	0.012	-0.02	41	41	9	K0	Eridani-9	27413	28118	28192	20
27821	6	2011-06-25	0	0	109.6	-36.74	800	-0.001	0	41	41	20	B3	Puppis-20		28150	28188	20
27822	6	2011-06-25	0	0	159.825	-55.6	600	-0.003	0	41	41	43	F9	Velorum-43		28167	28190	20
27823	7	2011-06-25	0	0	124.625	-76.92	80	0.033	0.11	41	41	1	F6	Chamaeleontis-1	27824	28104	28190	20
27824	7	2011-06-25	0	0	158.875	-78.61	250	-0.013	0.02	41	41	3	M0	Chamaeleontis-3	27994	28104	28193	20
27825	7	2011-06-25	0	0	161.4	-80.52	800	-0.021	0	41	41	4	A3	Chamaeleontis-4	27824	28104	28189	20
27826	7	2011-06-25	0	0	-130.625	-58.8	80	-0.012	-0.14	41	41	2	A3	Circini-2	27452	28105	28189	20
27827	6	2011-06-25	0	0	-130.375	-47.88	250	-0.002	-0.04	41	41	12	B8	Lupi-12		28132	28188	20
27828	7	2011-06-25	0	0	-105.1	-53.16	250	0.001	0.02	41	41	60	K6	Arae-60	27432	28088	28192	20
27829	6	2011-06-25	0	0	-82.8	-49.07	200	0.015	-0.24	41	41	6	G9	Telescopii-6		28161	28191	20
27830	7	2011-06-25	0	0	-72.625	-37.9	100	0.007	-0.1	41	41	1	A2	Coronae Australis-1	27831	28108	28189	20
27831	7	2011-06-25	0	0	-72.5	-39.34	400	0	-0.04	41	41	2	G7	Coronae Australis-2	27970	28108	28191	20
27832	7	2011-06-25	0	0	-125.825	-66.32	150	0.005	-0.07	41	41	5	K1	Trianguli Australis-5	27391	28163	28192	20
27833	6	2011-06-25	0	0	-22.55	-43.75	400	-0.001	0.01	41	41	61	M4	Gruis-61		28121	28193	20
27834	7	2011-06-25	0	0	-108.5	82.04	200	0.005	0	42	42	5	G5	Ursae Minoris-5	27864	28166	28191	20
27835	6	2011-06-25	0	0	42.65	38.32	150	0.016	-0.1	42	42	116	F2	Persei-116		28145	28190	20
27836	6	2011-06-25	0	0	156.975	36.71	200	-0.01	-0.11	42	42	2	G9	Leonis Minoris-2		28129	28191	20
27837	6	2011-06-25	0	0	-128.875	37.37	100	-0.012	0.08	42	42	12	F2	Alkalurops		28091	28190	20
27838	7	2011-06-25	0	0	-111.475	42.44	200	-0.001	0.04	42	42	18	B9	Herculis-18	27515	28122	28188	20
27839	6	2011-06-25	0	0	-48.575	30.72	200	-0.001	0.03	42	42	152	K0	Cygni-152		28113	28192	20
27840	6	2011-06-25	0	0	-26.25	57.04	100	0.054	0.05	42	42	5	F0	Cephei-5		28102	28190	20
27841	6	2011-06-25	0	0	-40.65	39.39	5000	0	0	42	42	18	B9	Cygni-18		28113	28188	20
27842	6	2011-06-25	0	0	-33.3	49.31	800	0	0	42	42	181	B3	Cygni-181		28113	28188	20
27843	7	2011-06-25	0	0	56.7	-23.25	60	-0.012	-0.53	42	42	127	F3	Eridani-127	27881	28118	28190	20
27844	6	2011-06-25	0	0	56.575	23.95	400	0.002	-0.04	42	42	123	B6	Merope		28160	28188	20
27845	6	2011-06-25	0	0	68.925	10.16	80	0.004	-0.04	42	42	188	A4	Tauri-188		28160	28189	20
27846	6	2011-06-25	0	0	70.55	22.96	600	0	-0.02	42	42	19	B3	Tauri-19		28160	28188	20
27847	6	2011-06-25	0	0	82.7	5.95	500	0.001	-0.03	42	42	132	B5	Orionis-132		28142	28188	20
27848	7	2011-06-25	0	0	119.225	-22.88	400	-0.002	0.01	42	42	111	F8	Puppis-111	27445	28150	28190	20
27849	6	2011-06-25	0	0	112.275	31.78	60	0.012	0.17	42	42	17	F0	Geminorum-17		28120	28190	20
27850	7	2011-06-25	0	0	107.975	-0.49	200	0	0	42	42	4	A1	Monocerotis-4	27646	28137	28189	20
27851	7	2011-06-25	0	0	129.425	5.7	150	-0.005	-0.01	42	42	4	A0	Hydrae-4	27921	28124	28189	20
27852	6	2011-06-25	0	0	-120.6	26.88	250	-0.006	-0.06	42	42	5	K2	Coronae Borealis-5		28109	28192	20
27853	6	2011-06-25	0	0	-113.25	-18.46	600	-0.001	-0.03	42	50	22	B2	Ophiuchi-22		28141	28188	20
27854	6	2011-06-25	0	0	-78.2	-4.75	500	-0.001	-0.02	42	42	2	G5	Scuti-2		28157	28191	20
27855	6	2011-06-25	0	0	-55.6	-12.51	1500	0.001	0	42	42	105	G3	Algiedi		28098	28191	20
27856	7	2011-06-25	0	0	-19.825	-27.04	250	0.002	0	42	42	5	B8	Piscis Australis-5	27247	28149	28188	20
27857	7	2011-06-25	0	0	-16.025	-32.54	150	0.001	0.03	42	42	4	G7	Piscis Australis-4	27931	28149	28191	20
27858	7	2011-06-25	0	0	-18.325	12.17	60	0.016	-0.49	42	42	14	F7	Pegasi-14	27324	28144	28190	20
27859	7	2011-06-25	0	0	-73.4	-37.06	55	0.008	-0.27	42	42	3	F8	Coronae Australis-3	27830	28108	28190	20
27860	7	2011-06-25	0	0	-114.9	-78.69	400	-0.002	-0.04	42	42	4	M1	Apodis-4	27733	28085	28193	20
27861	6	2011-06-25	0	0	-109.225	-77.52	120	-0.086	-0.35	42	42	2	K0	Apodis-2		28085	28192	20
27862	7	2011-06-25	0	0	-18.475	-81.38	100	-0.028	0.01	42	42	2	A9	Octantis-2	27906	28140	28189	20
27863	6	2011-06-25	0	0	-143.125	75.7	250	0.001	0.02	43	43	105	K4	Ursae Minoris-105		28166	28192	20
27864	7	2011-06-25	0	0	-123.975	77.79	120	0.004	0	43	43	6	A3	Ursae Minoris-6	27284	28166	28189	20
27865	7	2011-06-25	0	0	73.525	66.34	3000	0.001	0.01	43	43	1	O9	Camelopardalis-1	27738	28093	28187	20
27866	6	2011-06-25	0	0	125.7	43.19	200	-0.002	-0.1	43	43	131	K5	Lyncis-131		28133	28192	20
27867	6	2011-06-25	0	0	-171.575	41.36	30	-0.063	0.29	43	43	2	G0	Canum Venaticorum-2		28095	28191	20
27868	6	2011-06-25	0	0	-117.8	44.93	200	-0.003	0.04	43	43	21	B9	Herculis-21		28122	28188	20
27869	6	2011-06-25	0	0	-112.85	41.88	400	0.002	0	43	63	130	M6	Herculis-130		28122	28193	20
27870	6	2011-06-25	0	0	-94.525	72.15	70	0.003	-0.27	43	43	23	F6	Draconis-23		28116	28190	20
27871	6	2011-06-25	0	0	-85.025	36.06	250	-0.002	0.04	43	43	10	K2	Lyrae-10		28134	28192	20
27872	7	2011-06-25	0	0	-76.375	36.9	800	-0.001	0.01	43	43	112	M4	Lyrae-112	27797	28134	28193	20
27873	6	2011-06-25	0	0	-29.05	64.63	120	0.029	0.09	43	43	14	A5	Cephei-14		28102	28189	20
27874	6	2011-06-25	0	0	-5.475	43.27	250	0.003	0	43	43	9	B8	Andromedae-9		28083	28188	20
27875	7	2011-06-25	0	0	14.65	-29.358	424	0.001	0	43	43	1	B8	Sculptoris-1	28062	28156	28188	20
27876	7	2011-06-25	0	0	37.05	8.46	300	0.002	0	43	43	173	B9	Ceti-173	27519	28103	28188	20
27877	6	2011-06-25	0	0	41.025	-13.86	300	-0.001	-0.01	43	43	16	B7	Ceti-16		28103	28188	20
27878	7	2011-06-25	0	0	41.225	10.11	100	0.019	-0.03	43	43	12	F0	Ceti-12	27876	28103	28190	20
27879	7	2011-06-25	0	0	15.725	7.89	200	-0.005	0.03	43	43	5	K0	Piscium-5	27914	28148	28192	20
27880	7	2011-06-25	0	0	26.35	9.16	200	0.005	0.05	43	43	15	G9	Piscium-15	27638	28148	28191	20
27881	7	2011-06-25	0	0	53.45	-21.63	300	0.003	-0.02	43	43	119	B8	Eridani-119	27550	28118	28188	20
27882	6	2011-06-25	0	0	56.3	24.47	400	0.001	-0.04	43	43	119	B6	Taygeta		28160	28188	20
27883	6	2011-06-25	0	0	66.375	17.93	150	0.008	-0.03	43	43	168	A2	Tauri-168		28160	28189	20
27884	6	2011-06-25	0	0	122.15	-2.98	2000	-0.001	-0.01	43	43	6	G2	Monocerotis-6		28137	28191	20
27885	6	2011-06-25	0	0	95.95	4.59	150	-0.001	0.01	43	43	5	A6	Monocerotis-5		28137	28189	20
27886	6	2011-06-25	0	0	112.05	8.93	200	-0.004	0.02	43	43	3	K3	Canis Minoris-3		28097	28192	20
27887	7	2011-06-25	0	0	134.625	11.86	150	0.002	-0.03	43	43	1	A5	Acubens	27694	28094	28189	20
27888	7	2011-06-25	0	0	130.8	3.4	500	-0.001	-0.01	43	43	7	B3	Hydrae-7	27922	28124	28188	20
27889	7	2011-06-25	0	0	156.788	-31.068	280	-0.006	0.01	42	42	1	M0	Antliae-1	28050	28084	28193	20
27890	6	2011-06-25	0	0	142.925	22.97	250	-0.002	-0.04	43	43	11	K5	Alterf		28128	28192	20
27891	6	2011-06-25	0	0	163.9	24.75	200	-0.005	-0.03	43	43	154	A1	Leonis-154		28128	28189	20
27892	7	2011-06-25	0	0	178.225	-33.91	300	-0.004	0	43	43	2	B9	Hydrae-2	27528	28124	28188	20
27893	7	2011-06-25	0	0	-162.5	17.53	60	-0.03	0.13	43	43	1	F5	Diadem	27894	28107	28190	20
27894	7	2011-06-25	0	0	-162.025	27.88	27	-0.06	0.88	43	43	2	G0	Comae Berenices-2	27924	28107	28191	20
27895	6	2011-06-25	0	0	-152.05	-32.99	500	-0.004	-0.03	43	43	103	B5	Centauri-103		28101	28188	20
27896	6	2011-06-25	0	0	-149.6	1.54	100	0.001	-0.02	43	43	19	A3	Virginis-19		28168	28189	20
27897	6	2011-06-25	0	0	-89.625	21.6	300	0.001	0.03	43	43	195	F6	Herculis-195		28122	28190	20
27898	7	2011-06-25	0	0	-39.45	-16.83	200	0.002	0.01	43	43	9	G8	Capricorni-9	27610	28098	28191	20
27899	6	2011-06-25	0	0	-22.125	-32.35	150	0.005	-0.01	43	43	2	A1	Piscis Australis-2		28149	28189	20
27900	6	2011-06-25	0	0	-27.5	33.18	300	-0.001	-0.02	43	43	16	F5	Pegasi-16		28144	28190	20
27901	7	2011-06-25	0	0	-8	6.38	250	-0.008	-0.04	43	43	8	K1	Piscium-8	27611	28148	28192	20
27902	7	2011-06-25	0	0	57.15	-37.62	200	0.004	-0.01	43	43	56	A0	Eridani-56	27551	28118	28189	20
27903	6	2011-06-25	0	0	64	-51.49	70	0.011	0.19	43	43	3	F3	Doradus-3		28115	28190	20
27904	7	2013-03-13	0	0	-187.05	-59.48	8000	0	-0.01	43	46	15	F2	Centauri-15		28101	28190	20
27905	6	2011-06-25	0	0	-159.35	-60.99	600	-0.005	-0.02	43	43	58	B3	Centauri-58		28101	28188	20
27906	6	2011-06-25	0	0	-143.275	-83.67	200	-0.058	-0.01	43	43	4	K2	Octantis-4		28140	28192	20
27907	7	2011-06-25	0	0	-96.95	86.59	150	0.011	0.05	44	44	4	A1	Ursae Minoris-4	27834	28166	28189	20
27908	6	2011-06-25	0	0	104.325	58.42	150	0	-0.14	44	44	115	G5	Lyncis-115		28133	28191	20
27909	6	2011-06-25	0	0	-146.625	51.79	150	0.005	-0.02	44	44	10	A7	Bootis-10		28091	28189	20
27910	6	2011-06-25	0	0	-13.025	75.39	200	0.003	-0.02	44	44	16	G2	Cephei-16		28102	28191	20
27911	6	2011-06-25	0	0	-33.975	28.74	60	0.022	-0.24	44	44	12	F7	Cygni-12		28113	28190	20
27912	7	2011-06-25	0	0	-24.1	52.23	150	-0.002	-0.18	44	44	2	G9	Lacertae-2	27637	28127	28191	20
27913	7	2011-06-25	0	0	-22.625	47.71	800	0	0	44	44	105	M0	Lacertae-105	27958	28127	28193	20
27914	7	2011-06-25	0	0	12.175	7.59	300	0.006	-0.05	44	44	4	K5	Piscium-4	27767	28148	28192	20
27915	7	2011-06-25	0	0	25.35	5.49	150	-0.002	0.01	44	44	13	K3	Piscium-13	28024	28148	28192	20
27916	6	2011-06-25	0	0	63.825	-7.65	16	-0.151	-3.41	44	44	140	K1	Eridani-140		28118	28192	20
27917	7	2011-06-25	0	0	89.375	-35.28	800	0	0.01	44	44	3	B3	Columbae-3	27689	28106	28188	20
27918	6	2011-06-25	0	0	78.3	-12.94	250	-0.001	-0.01	44	44	10	B9	Leporis-10		28130	28188	20
27919	6	2011-06-25	0	0	80.425	-0.39	1500	0	0	44	44	122	B2	Orionis-122		28142	28188	20
27920	6	2011-06-25	0	0	108.575	-26.35	1000	-0.001	0	44	47	127	B3	Canis Majoris-127		28096	28188	20
27921	7	2011-06-25	0	0	129.7	3.34	150	-0.001	-0.02	44	44	18	K2	Hydrae-18	27888	28124	28192	20
27922	7	2011-06-25	0	0	132.1	5.84	150	-0.001	-0.04	44	44	17	A0	Hydrae-17	27492	28124	28189	20
27923	6	2011-06-25	0	0	146.9	11.43	300	0	-0.05	44	113	49	M7	Leonis-49		28128	28193	20
27924	6	2011-06-25	0	0	-173.275	28.27	250	-0.006	-0.09	44	44	3	K1	Comae Berenices-3		28107	28192	20
27925	7	2011-06-25	0	0	-162.525	-5.54	150	-0.002	-0.04	44	44	8	A1	Virginis-8	27361	28168	28189	20
27926	6	2011-06-25	0	0	-113.6	-23.44	1200	-0.001	-0.02	44	44	17	B2	Ophiuchi-17		28141	28188	20
27927	7	2011-06-25	0	0	-67.825	24.665	85	-0.009	-0.1	44	44	1	M0	Vulpeculae-1	28068	28170	28193	20
27928	7	2011-06-25	0	0	-64.975	18.01	600	0.001	-0.02	44	44	1	G1	Sagittae-1	27658	28153	28191	20
27929	7	2011-06-25	0	0	-64.75	17.48	300	0.001	-0.03	44	44	2	G8	Sagittae-2	27658	28153	28191	20
27930	7	2011-06-25	0	0	-49.125	15.07	200	-0.001	-0.04	44	44	4	A7	Delphini-4	27567	28114	28189	20
27931	7	2011-06-25	0	0	-16.875	-32.88	200	-0.002	-0.02	44	44	3	A0	Piscis Australis-3	27899	28149	28189	20
27932	7	2011-06-25	0	0	64.125	-59.3	70	-0.007	-0.16	44	44	5	K3	Reticuli-5	27501	28152	28192	20
27933	7	2011-06-25	0	0	-113.2	-47.55	600	0	-0.03	44	44	5	B4	Normae-5	27780	28139	28188	20
27934	6	2011-06-25	0	0	-40.025	-53.45	100	0.011	-0.07	44	44	8	A5	Indi-8		28126	28189	20
27935	6	2011-06-25	0	0	30.5	70.91	100	-0.013	0.01	45	45	148	A4	Cassiopeiae-148		28100	28189	20
27936	7	2011-06-25	0	0	12.45	41.08	400	0.002	-0.02	45	45	13	B5	Andromedae-13	27674	28083	28188	20
27937	6	2011-06-25	0	0	37.275	67.4	150	-0.002	0.02	45	45	9	A5	Cassiopeiae-9		28100	28189	20
27938	6	2011-06-25	0	0	-110.95	52.91	300	-0.002	0.03	45	45	117	B9	Draconis-117		28116	28188	20
27939	7	2011-06-25	0	0	-65.9	50.22	60	-0.002	0.26	45	45	8	F4	Cygni-8	27378	28113	28190	20
27940	6	2011-06-25	0	0	-48.15	36.49	600	0.001	0	45	45	11	B5	Cygni-11		28113	28188	20
27941	6	2011-06-25	0	0	27.4	-10.69	100	-0.01	-0.09	45	45	22	F3	Ceti-22		28103	28190	20
27942	7	2011-06-25	0	0	41.275	-18.57	50	0.023	0.04	45	45	101	F6	Eridani-101	27684	28118	28190	20
27943	6	2011-06-25	0	0	42.275	-32.41	200	0.007	0.16	45	45	2	G7	Fornacis-2		28119	28191	20
27944	6	2011-06-25	0	0	58.575	-2.95	250	0.002	0.01	45	45	132	G2	Eridani-132		28118	28191	20
27945	6	2011-06-25	0	0	109.15	-23.32	2000	-0.001	0	45	45	245	K1	Canis Majoris-245		28096	28192	20
27946	6	2011-06-25	0	0	142.275	-2.77	50	0.008	-0.02	45	45	131	F7	Hydrae-131		28124	28190	20
27947	7	2011-06-25	0	0	151.983	-0.372	326	-0.001	-0.01	45	45	1	B5	Sextantis-1	28066	28159	28188	20
27948	7	2011-06-25	0	0	167.925	-22.83	200	0	-0.1	45	45	2	A2	Crateris-2	27809	28111	28189	20
27949	6	2011-06-25	0	0	-78.2	-5.7	2500	-0.003	-0.03	45	82	49	G7	Scuti-49		28157	28191	20
27950	7	2011-06-25	0	0	-41.375	10.01	55	0.003	-0.3	45	45	4	F7	Equulei-4	27989	28117	28190	20
27951	6	2011-06-25	0	0	-14.025	3.82	300	0.001	0	45	45	2	B6	Piscium-2		28148	28188	20
27952	6	2011-06-25	0	0	-4.5	1.78	90	-0.009	-0.15	45	45	11	A7	Piscium-11		28148	28189	20
27953	7	2011-06-25	0	0	-42.6	-11.37	250	0.006	-0.01	45	45	13	G8	Aquarii-13	27661	28086	28191	20
27954	7	2011-06-25	0	0	87.45	-56.17	250	0.009	-0.07	45	45	3	K1	Pictoris-3	27717	28147	28192	20
27955	6	2011-06-25	0	0	-129.15	-59.32	500	-0.001	-0.04	45	45	3	A5	Circini-3		28105	28189	20
27956	6	2011-06-25	0	0	-126.025	-44.96	800	-0.002	-0.03	45	45	36	B3	Lupi-36		28132	28188	20
27957	7	2013-03-13	0	0	-216.375	69.83	80	-0.012	0.08	46	46	124	G3	Ursae Majoris-124		28165	28191	20
27958	6	2011-06-25	0	0	-24.75	46.54	400	0.002	0.01	46	46	102	B6	Lacertae-102		28127	28188	20
27959	7	2011-06-25	0	0	-23.875	49.48	5000	-0.001	0	46	46	104	B9	Lacertae-104	27913	28127	28188	20
27960	7	2011-06-25	0	0	28.4	3.19	250	0.001	0.03	46	46	14	K0	Piscium-14	27915	28148	28192	20
27961	6	2011-06-25	0	0	44.8	21.34	200	-0.001	0	46	46	5	A2	Arietis-5		28089	28189	20
27962	6	2011-06-25	0	0	83.85	-4.84	1500	0	0	46	46	142	B2	Orionis-142		28142	28188	20
27963	7	2011-06-25	0	0	-139.825	16.42	200	0.001	0.01	46	46	16	A1	Bootis-16	27234	28091	28189	20
27964	6	2011-06-25	0	0	-137.15	19.1	22	0.01	-0.1	46	46	14	G8	Bootis-14		28091	28191	20
27965	7	2011-06-25	0	0	-122.6	26.07	150	-0.006	-0.07	46	46	4	G4	Coronae Borealis-4	27852	28109	28191	20
27966	6	2011-06-25	0	0	-120.775	-33.97	250	0.002	-0.04	46	46	14	A1	Lupi-14		28132	28189	20
27967	7	2011-06-25	0	0	-52.775	-17.82	100	-0.001	-0.02	46	46	17	F5	Capricorni-17	27411	28098	28190	20
27968	7	2011-06-25	0	0	59.675	-61.4	300	0.001	-0.02	46	46	4	M2	Reticuli-4	27932	28152	28193	20
27969	6	2011-06-25	0	0	-130.8	-60.94	2500	-0.002	-0.01	46	46	4	O9	Circini-4		28105	28187	20
27970	7	2011-06-25	0	0	-72.925	-40.5	200	0.003	-0.02	46	46	4	K1	Coronae Australis-4	28015	28108	28192	20
27971	6	2011-06-25	0	0	7.95	54.52	300	0.005	-0.01	47	47	11	B8	Cassiopeiae-11		28100	28188	20
27972	6	2011-06-25	0	0	-145.95	51.37	100	-0.017	0.09	47	47	9	A8	Bootis-9		28091	28189	20
27973	6	2011-06-25	0	0	-125.15	36.64	400	-0.001	-0.02	47	47	6	B7	Coronae Borealis-6		28109	28188	20
27974	6	2011-06-25	0	0	-100.675	33.1	1200	-0.001	0	47	54	168	B3	Herculis-168		28122	28188	20
27975	6	2011-06-25	0	0	-10.35	68.11	150	0.01	0.02	47	47	15	G9	Cephei-15		28102	28191	20
27976	6	2011-06-25	0	0	7	17.89	400	0.008	0.02	47	54	147	M3	TV Piscium		28148	28193	20
27977	6	2011-06-25	0	0	16.425	21.47	400	0.004	-0.01	47	47	174	A1	Piscium-174		28148	28189	20
27978	7	2011-06-25	0	0	29.475	23.6	150	-0.007	-0.01	47	47	11	F1	Arietis-11	27327	28089	28190	20
27979	6	2011-06-25	0	0	100.25	9.9	3000	0	-0.01	47	47	115	O7	Monocerotis-115		28137	28187	20
27980	6	2011-06-25	0	0	103.65	13.18	80	0.005	-0.08	47	47	138	F0	Geminorum-138		28120	28190	20
27981	6	2011-06-25	0	0	122.825	-12.93	150	-0.002	0.01	47	47	119	K0	Puppis-119		28150	28192	20
27982	6	2011-06-25	0	0	123.05	17.65	70	0.005	-0.14	47	47	6	G0	Cancri-6		28094	28191	20
27983	7	2011-06-25	0	0	130.825	21.47	150	-0.007	-0.04	47	47	3	A1	Asellus Borealis	27695	28094	28189	20
27984	6	2011-06-25	0	0	140.125	-9.56	150	-0.001	-0.03	47	47	127	G6	Hydrae-127		28124	28191	20
27985	5	2011-06-25	0	0	159.4	-13.38	2000	0.002	-0.04	47	52	54	C6	Hydrae-54		28124		20
27986	6	2011-06-25	0	0	-170.2	-8	250	-0.005	-0.03	47	47	22	K2	Virginis-22		28168	28192	20
27987	6	2011-06-25	0	0	-139.15	26.53	400	-0.001	-0.02	47	54	134	M3	Bootis-134		28091	28193	20
27988	6	2011-06-25	0	0	-117.975	17.05	500	-0.002	-0.01	47	47	10	G9	Herculis-10		28122	28191	20
27989	6	2011-06-25	0	0	-42.425	10.13	120	0.004	-0.15	47	47	3	F0	Equulei-3		28117	28190	20
27990	6	2011-06-25	0	0	-6.675	-20.91	1000	-0.001	0.02	47	47	201	A0	Aquarii-201		28086	28189	20
27991	6	2011-06-25	0	0	-4.55	-17.81	1000	0.001	0.01	47	47	204	G0	Aquarii-204		28086	28191	20
27992	6	2011-06-25	0	0	43.475	-49.89	500	0	0	47	143	49	M7	Horologii-49		28123	28193	20
27993	6	2011-06-25	0	0	134.25	-59.23	1000	-0.002	0.01	47	47	57	B4	Carinae-57		28099	28188	20
27994	6	2011-06-25	0	0	179.925	-78.22	300	-0.016	0	47	47	5	B9	Chamaeleontis-5		28104	28188	20
27995	7	2011-06-25	0	0	-75.325	-37.11	90	-0.011	-0.1	47	50	5	F1	Coronae Australis-5	27859	28108	28190	20
27996	6	2011-06-25	0	0	-167.7	83.41	400	-0.018	0.02	48	48	178	A1	Camelopardalis-178		28093	28189	20
27997	6	2011-06-25	0	0	20.025	58.23	9999	0	0	48	48	21	A8	Cassiopeiae-21		28100	28189	20
27998	6	2011-06-25	0	0	76.55	58.98	600	0	-0.03	48	48	111	A2	Camelopardalis-111		28093	28189	20
27999	6	2011-06-25	0	0	101.55	59.44	300	-0.003	0	48	48	112	A2	Lyncis-112		28133	28189	20
28000	6	2011-06-25	0	0	-155.625	36.29	200	-0.008	0.02	48	48	125	A7	Canum Venaticorum-125		28095	28189	20
28001	6	2011-06-25	0	0	-134.05	47.65	40	-0.041	0.03	48	49	144	F9	Bootis-144		28091	28190	20
28002	6	2011-06-25	0	0	-84.025	58.8	150	-0.006	0.06	48	48	139	A1	Draconis-139		28116	28189	20
28003	6	2011-06-25	0	0	-56.35	36.8	120	0.005	0.07	48	48	129	A7	Cygni-129		28113	28189	20
28004	6	2011-06-25	0	0	-7.5	58.55	600	0.002	0.01	48	48	50	B4	Cassiopeiae-50		28100	28188	20
28005	6	2011-06-25	0	0	-43.275	38.75	11	0.353	3.2	48	48	161	K6	Cygni-161		28113	28192	20
28006	6	2011-06-25	0	0	63.6	-10.26	300	-0.001	-0.16	48	48	139	K3	Eridani-139		28118	28192	20
28007	6	2011-06-25	0	0	57.296	24.137	400	0.001	-0.05	48	55	128	B8	Pleione		28160	28188	20
28008	6	2011-06-25	0	0	63.475	9.26	200	-0.001	-0.04	48	48	147	G5	Tauri-147		28160	28191	20
28009	6	2011-06-25	0	0	109.675	-24.56	5000	-0.001	0	48	53	129	O8	Canis Majoris-129		28096	28187	20
28010	6	2011-06-25	0	0	-171.225	18.38	250	0	0.02	48	48	124	G8	Comae Berenices-124		28107	28191	20
28011	7	2011-06-25	0	0	-89.225	-8.18	100	0.002	-0.04	48	48	19	F3	Ophiuchi-19	27466	28141	28190	20
28012	7	2011-06-25	0	0	-83.2	0.2	300	-0.001	0	48	57	159	F9	Serpentis-159	27468	28158	28190	20
28013	5	2011-06-25	0	0	-3.4	3.49	2000	-0.002	-0.02	48	52	119	C5	Piscium-119		28148		20
28014	6	2011-06-25	0	0	124.975	-71.51	500	-0.002	0.03	48	48	10	B9	Volantis-10		28169	28188	20
28015	6	2011-06-25	0	0	-74.225	-42.1	200	0.005	-0.05	48	48	6	A0	Coronae Australis-6		28108	28189	20
28016	6	2011-06-25	0	0	33.1	30.3	300	-0.005	-0.06	49	49	9	G3	Trianguli-9		28162	28191	20
28017	6	2011-06-25	0	0	74.825	37.89	250	0.004	-0.1	49	49	24	A0	Aurigae-24		28090	28189	20
28018	6	2011-06-25	0	0	-164.825	56.37	90	0.013	-0.01	49	49	178	F3	Ursae Majoris-178		28165	28190	20
28019	7	2011-06-25	0	0	-96.95	55.18	120	0.017	0.05	49	49	13	A5	Draconis-13	27632	28116	28189	20
28020	6	2011-06-25	0	0	-61.1	52.44	200	-0.004	-0.03	49	49	23	A4	Cygni-23		28113	28189	20
28021	6	2011-06-25	0	0	-8.8	62.28	300	0.001	-0.01	49	49	104	M0	Cassiopeiae-104		28100	28193	20
28022	6	2011-06-25	0	0	-0.25	55.76	1500	0.001	0	49	49	18	B1	Cassiopeiae-18		28100	28188	20
28023	6	2011-06-25	0	0	38.45	-28.23	300	-0.002	-0.01	49	49	24	B9	Fornacis-24		28119	28188	20
28024	7	2011-06-25	0	0	18.425	7.58	150	0.01	-0.05	49	49	6	A8	Piscium-6	27879	28148	28189	20
28025	6	2011-06-25	0	0	80.7	3.55	1500	0	0	49	49	123	B1	Orionis-123		28142	28188	20
28026	6	2011-06-25	0	0	171.975	2.85	400	0.001	-0.02	49	49	19	G8	Leonis-19		28128	28191	20
28027	6	2011-06-25	0	0	-166.675	21.24	250	-0.004	-0.02	49	49	135	G7	Comae Berenices-135		28107	28191	20
28028	8	2011-10-12	0	0	221.5	-25.44	100	-0.011	-0.11	49	49	154	F3	Hydrae-154	27464	28124	28190	20
28029	6	2011-06-25	0	0	-134.75	-8.52	250	-0.004	-0.01	49	59	4	A0	Librae-4		28131	28189	20
28030	7	2011-06-25	0	0	-115.625	75.76	80	-0.023	0.25	50	50	7	F4	Ursae Minoris-7	27864	28166	28190	20
28031	6	2011-06-25	0	0	29	37.26	250	0	0	50	50	156	K2	Andromedae-156		28083	28192	20
28032	6	2011-06-25	0	0	78.85	32.69	200	-0.002	0.01	50	50	114	A9	Aurigae-114		28090	28189	20
28033	6	2011-06-25	0	0	97.15	30.49	2500	0	-0.01	50	58	148	F9	RT Aurigae		28090	28190	20
28034	6	2011-06-25	0	0	-162.475	38.5	400	-0.006	0.04	50	50	117	A9	Canum Venaticorum-117		28095	28189	20
28035	6	2011-06-25	0	0	5.45	-20.06	2000	0.005	0	50	69	51	M5	Ceti-51		28103	28193	20
28036	6	2011-06-25	0	0	18.6	-7.92	80	0.008	0.28	50	50	137	F3	Ceti-137		28103	28190	20
28037	6	2011-06-25	0	0	77.85	-11.85	500	0.001	0.06	50	70	52	M5	Leporis-52		28130	28193	20
28038	6	2011-06-25	0	0	104.025	-14.04	500	-0.001	0	50	50	12	G3	Canis Majoris-12		28096	28191	20
28039	6	2011-06-25	0	0	137.65	30.96	2000	-0.002	-0.04	50	56	53	M6	Cancri-53		28094	28193	20
28040	6	2011-06-25	0	0	173.075	-29.26	100	-0.001	0.13	50	50	47	F8	Hydrae-47		28124	28190	20
28041	6	2011-06-25	0	0	-172.775	25.91	250	-0.002	-0.02	50	50	117	A0	Comae Berenices-117		28107	28189	20
28042	6	2011-06-25	0	0	-129.2	30.29	55	0.01	-0.19	50	50	7	G2	Coronae Borealis-7		28109	28191	20
28043	6	2011-06-25	0	0	-105.85	-30.58	1000	0.001	-0.02	50	124	55	M6	Scorpii-55		28155	28193	20
28044	6	2011-06-25	0	0	-100.5	-24.29	300	-0.004	-0.01	50	50	15	G8	Ophiuchi-15		28141	28191	20
28045	6	2011-06-25	0	0	-6.5	31.33	600	0.004	-0.01	50	50	172	K4	Pegasi-172		28144	28192	20
28046	6	2011-06-25	0	0	-154.575	-54.56	400	-0.005	-0.05	50	50	59	B8	Centauri-59		28101	28188	20
28047	6	2011-06-25	0	0	-101.175	-26.6	18	-0.037	-1.13	51	51	136	K0	Ophiuchi-136		28141	28192	20
28048	6	2011-06-25	0	0	-103.675	54.47	80	-0.009	0.08	57	57	12	F7	Draconis-12		28116	28190	20
28049	7	2011-06-25	0	0	164.179	-37.138	180	0.006	-0.13	46	46	9	G5	Antliae-9	27889	28084	28191	20
28050	7	2011-06-25	0	0	146.05	-27.769	46	-0.004	0.03	48	48	8	F7	Antliae-8	28051	28084	28190	20
28051	6	2011-06-25	0	0	142.313	-35.951	315	-0.002	-0.01	45	45	5	M0	Antliae-5		28084	28193	20
28052	7	2011-06-25	0	0	70.142	-41.864	65	-0.014	-0.08	45	45	1	F2	Caeli-1	28053	28092	28190	20
28053	6	2011-06-25	0	0	70.512	-37.144	55	0.003	0.19	51	51	2	F8	Caeli-2		28092	28190	20
28054	7	2011-06-25	0	0	92.563	-74.531	28	0.031	-0.21	51	51	1	G5	Mensae-1	28055	28135	28191	20
28055	7	2011-06-25	0	0	82.971	-76.341	425	0.032	0.29	52	52	3	K4	Mensae-3	28056	28135	28192	20
28056	7	2011-06-25	0	0	73.796	-74.937	456	0.007	0.06	55	55	7	K6	Mensae-7	28057	28135	28192	20
28057	6	2011-06-25	0	0	75.679	-71.314	55	0.001	0.02	53	53	2	G8	Mensae-2		28135	28191	20
28058	7	2011-06-25	0	0	-47.508	-33.78	240	0.001	-0.02	49	49	1	G6	Microscopii-1	28059	28136	28191	20
28059	7	2011-06-25	0	0	-44.679	-32.258	228	0	0.01	47	47	3	G4	Microscopii-3	28060	28136	28191	20
28060	7	2011-06-25	0	0	-40.517	-32.173	46	0.004	-0.02	47	47	5	A2	Microscopii-5	28061	28136	28189	20
28061	6	2011-06-25	0	0	-39.813	-40.81	69	0.006	0	48	48	8	A2	Microscopii-8		28136	28189	20
28062	7	2011-06-25	0	0	-2.771	-28.13	98	0.008	-0.1	45	45	4	A0	Sculptoris-4	28063	28156	28189	20
28063	7	2011-06-25	0	0	-10.296	-32.532	154	0.002	-0.06	44	44	3	G8	Sculptoris-3	28064	28156	28191	20
28064	6	2011-06-25	0	0	-6.758	-37.819	0	0.007	0.02	44	44	2	B9	Sculptoris-2		28156	28188	20
28065	7	2011-06-25	0	0	157.571	-0.637	522	-0.003	-0.03	51	51	2	B6	Sextantis-2	27947	28159	28188	20
28066	6	2011-06-25	0	0	148.125	-8.105	52	-0.004	-0.04	51	51	3	A0	Sextantis-3		28159	28189	20
28067	7	2011-06-25	0	0	-61.633	24.08	360	0.002	0.04	46	46	113	A0	Vulpeculae-113	27927	28170	28189	20
28068	6	2011-06-25	0	0	-70.946	21.391	685	0	0	48	48	101	B3	Vulpeculae-101		28170	28188	20
118181	6	2012-08-24	0		-60.925	35.08	6100							X1		28113		20
